player_name,team_title,minutes_played,shots,shots_on_target,goals,key_passes,xgoals,xassists
Kalani Kossa-Rienzi,Seattle Sounders FC,1634,12,5,3,8,1.1918,1.8869
Kévin Cabral,Colorado Rapids,861,13,3,0,3,1.951,0.1121
Danny Leyva,Seattle Sounders FC,840,12,1,0,16,0.4212,1.0903
Wyatt Omsberg,New England Revolution,470,2,1,0,0,0.2667,0.0
Nkosi Tafari,Los Angeles FC,2247,9,1,0,1,0.7395,0.1516
Onni Valakari,San Diego FC,3268,38,13,5,32,6.5002,4.52
Ashley Westwood,Charlotte FC,3542,20,5,1,41,1.6298,4.5743
Danny Musovski,Seattle Sounders FC,1913,59,30,16,10,16.8787,1.1718
Philip Quinton,Real Salt Lake,941,4,0,0,2,0.2632,0.1463
Maxi Urruti,New England Revolution,720,18,8,2,5,2.6467,0.1846
Wil Trapp,Minnesota United FC,3350,10,4,2,15,0.7802,1.5794
Kye Rowles,D.C. United,3013,7,2,0,2,1.7263,0.4644
Maarten Paes,FC Dallas,2251,0,0,0,1,0.0,0.0214
Vitor Costa,San Jose Earthquakes,1790,22,3,1,25,2.9299,2.1963
Enea Mihaj,Atlanta United FC,714,3,2,0,2,0.0847,0.2397
Indiana Vassilev,Philadelphia Union,2371,37,14,6,22,3.6073,1.9464
Kristijan Kahlina,Charlotte FC,3552,0,0,0,0,0.0,0.0
Michael Collodi,FC Dallas,1039,0,0,0,0,0.0,0.0
Shaq Moore,FC Dallas,3403,26,8,3,19,2.4655,2.3572
Raheem Edwards,New York Red Bulls,1621,11,4,0,16,0.6823,1.013
Jacob Murrell,D.C. United,1020,16,6,2,6,2.8553,0.239
Ariath Piol,Real Salt Lake,1036,13,2,1,7,1.8573,0.3751
Dawid Bugaj,CF Montréal,1891,8,0,0,11,0.348,1.3603
Jackson Hopkins,D.C. United,920,8,4,3,7,0.76,0.5431
Caden Clark,D.C. United,1877,22,7,0,18,1.815,2.5518
Matt Miazga,FC Cincinnati,1720,4,1,0,2,0.3152,0.1222
Earl Edwards Jr.,San Jose Earthquakes,638,0,0,0,0,0.0,0.0
Duane Holmes,Houston Dynamo FC,726,9,2,1,8,0.6569,0.5082
Samuel Gidi,FC Cincinnati,733,5,2,0,4,0.3647,0.3235
Brad Guzan,Atlanta United FC,2626,0,0,0,1,0.0,0.0202
Kei Kamara,FC Cincinnati,900,14,3,0,8,2.0672,1.4908
Georgi Minoungou,Seattle Sounders FC,888,30,10,1,22,2.7512,3.6382
Jackson Travis,Colorado Rapids,748,2,1,0,2,0.1148,0.074
Max Arfsten,Columbus Crew,3136,50,18,5,50,6.1584,7.6521
Mykhi Joyner,St. Louis City SC,476,13,6,1,6,2.1344,0.3685
Hosei Kijima,D.C. United,1778,13,4,2,15,1.4864,1.097
Wiktor Bogacz,New York Red Bulls,414,6,3,1,6,0.6275,0.8081
Marlon,Los Angeles FC,718,1,0,0,1,0.2147,0.037
Bjørn Inge Utvik,Vancouver Whitecaps FC,1157,5,0,0,2,0.6212,0.07
Ilie Sánchez,Austin FC,1966,13,3,1,7,0.7183,0.4324
Alfredo Morales,St. Louis City SC,1275,6,0,0,8,0.2515,2.1498
Olger Escobar,CF Montréal,526,8,3,1,6,0.8533,0.6476
Ian Fray,Inter Miami CF,1806,12,5,1,11,1.0683,1.9575
Brandan Craig,CF Montréal,1636,12,3,0,8,0.6282,0.2754
Zane Monlouis,Toronto FC,566,0,0,0,0,0.0,0.0
Logan Ndenbe,Sporting Kansas City,2234,19,5,1,15,1.7365,1.1855
Keegan Hughes,New England Revolution,440,1,0,0,0,0.105,0.0
Kamal Miller,Portland Timbers FC,2481,10,5,2,3,0.8528,0.2142
Kyle Duncan,New York Red Bulls,1695,13,2,0,18,0.585,1.8969
Keaton Parks,New York City FC,993,10,6,1,13,1.6028,1.1566
Ryan Porteous,Los Angeles FC,1274,5,0,0,3,0.2767,0.4133
Rafael Santos,Orlando City SC,1206,11,3,1,17,0.5212,2.2042
Cristian Espinoza,San Jose Earthquakes,3017,44,16,4,117,3.9143,13.5018
Paul Rothrock,Seattle Sounders FC,2526,40,12,4,33,4.8478,5.2761
Eduard Löwen,St. Louis City SC,1587,42,14,6,29,4.8323,3.1077
Yeimar Gómez Andrade,Seattle Sounders FC,2241,19,5,0,2,1.4773,0.2815
Luis Barraza,D.C. United,2342,0,0,0,2,0.0,0.1684
Ranko Veselinović,Vancouver Whitecaps FC,1958,14,4,0,4,1.6638,0.2323
Dylan Chambost,Columbus Crew,3153,37,10,2,48,3.4813,4.407
John McCarthy,New York Red Bulls,1212,0,0,0,0,0.0,0.0
Giacomo Vrioni,CF Montréal,455,20,7,3,2,4.0497,0.2291
Joaquín Pereyra,Minnesota United FC,3233,68,28,7,79,5.9049,8.9769
Jáder Obrian,Austin FC,1130,16,6,0,9,2.6007,0.5644
Emmanuel Sabbi,Vancouver Whitecaps FC,2384,68,22,8,13,11.1878,1.7551
Randall Leal,D.C. United,597,14,5,0,10,0.6512,1.0848
Célio Pompeu,St. Louis City SC,1720,31,6,2,24,2.0683,3.5229
Lukas Engel,FC Cincinnati,3154,17,4,0,32,1.3433,3.1407
Rwan Cruz,Real Salt Lake,708,29,10,0,8,3.3345,0.7813
Aleksandr Guboglo,CF Montréal,1164,6,2,0,6,0.3601,0.5893
Ola Brynhildsen,Toronto FC,1450,31,8,2,5,5.6965,0.4307
Tim Ream,Charlotte FC,2790,0,0,0,3,0.0,0.2504
Peyton Miller,New England Revolution,2283,22,9,2,24,2.7311,2.8002
Leonardo Barroso,Chicago Fire FC,1182,11,4,1,8,0.4673,1.7246
Reid Roberts,San Jose Earthquakes,1014,4,1,0,5,0.1893,0.4361
Tayvon Gray,New York City FC,2470,11,3,0,18,0.2801,2.705
Petar Musa,FC Dallas,2787,82,36,19,31,15.72,5.0446
Ibrahim Aliyu,Columbus Crew,1578,26,7,3,24,3.9562,3.2174
Aziel Jackson,Columbus Crew,841,25,9,2,4,2.2741,0.4403
Luca De La Torre,San Diego FC,2485,24,11,5,22,3.0196,1.7382
Carlos Coronel,New York Red Bulls,3145,0,0,0,0,0.0,0.0
Tomas Totland,St. Louis City SC,1193,8,1,0,20,0.6995,2.103
Julio Cascante,Austin FC,906,4,0,0,1,0.1648,0.0162
Andrew Gutman,Chicago Fire FC,3517,44,8,3,28,3.2248,3.678
Ian Murphy,Colorado Rapids,1164,0,0,0,1,0.0,0.0658
Aljaž Ivačič,New England Revolution,2444,0,0,0,0,0.0,0.0
Sebastian Lletget,FC Dallas,1331,10,4,1,9,1.8398,1.1724
Thomas Gillier,CF Montréal,815,0,0,0,0,0.0,0.0
Devin Padelford,St. Louis City SC,982,2,1,0,7,0.0824,0.4367
Andrew Moran,Los Angeles FC,477,10,5,1,9,1.4371,1.6268
Preston Judd,San Jose Earthquakes,1253,40,18,6,10,6.4662,2.7566
Thomas Müller,Vancouver Whitecaps FC,1097,31,18,8,21,6.8429,2.4905
Jonathan Pérez,Nashville SC,977,17,6,1,14,1.6129,2.2301
Osaze Urhoghide,FC Dallas,2677,13,5,2,2,1.4876,0.1925
Dani Pereira,Austin FC,2527,26,5,2,27,2.166,2.8196
David Da Costa,Portland Timbers FC,3068,46,20,4,59,4.3344,6.4139
Mark Delgado,Los Angeles FC,3153,19,7,3,39,2.3254,4.3709
Emil Forsberg,New York Red Bulls,3175,66,24,11,50,9.5324,7.5711
Chris Donovan,Philadelphia Union,675,10,3,0,4,1.5056,0.8267
Rocco Rios Novo,Inter Miami CF,1503,0,0,0,0,0.0,0.0
Peglow,D.C. United,1854,26,8,3,22,2.9084,2.9518
Owen Wolff,Austin FC,3027,32,9,7,65,4.0128,7.2981
Pedro de la Vega,Seattle Sounders FC,1313,38,9,4,16,3.1772,2.195
Sean Nealis,New York Red Bulls,2075,5,1,0,3,0.4709,0.1958
Dagur Dan Thórhallsson,Orlando City SC,1336,8,3,3,10,2.0335,0.7634
Santiago Moreno,Portland Timbers FC,1852,45,18,4,35,3.9814,4.1647
Pavel Bucha,FC Cincinnati,3588,27,8,3,53,2.3446,4.138
Jahkeele Marshall-Rutty,CF Montréal,2281,13,3,0,8,0.4692,1.051
Jonathan Sirois,CF Montréal,2312,0,0,0,0,0.0,0.0
Daniel Munie,San Jose Earthquakes,2256,13,5,2,6,1.9804,0.3528
Yevhen Cheberko,Columbus Crew,2619,7,0,0,11,0.4046,0.981
Reggie Cannon,Colorado Rapids,2708,4,2,0,10,0.4832,1.3512
Yohei Takaoka,Vancouver Whitecaps FC,4015,0,0,0,2,0.0,0.7348
Nicksoen Gomis,Toronto FC,528,1,0,0,0,0.0392,0.0
David Ayala,Portland Timbers FC,3200,38,7,2,15,2.0954,0.9573
Wikelman Carmona,New York Red Bulls,2086,34,8,0,7,2.0713,0.7287
Diego Luna,Real Salt Lake,2580,55,20,9,43,7.731,3.8433
Maren Haile-Selassie,Chicago Fire FC,1309,24,7,2,22,3.0157,2.6012
Nathan Saliba,CF Montréal,1390,19,5,1,7,1.3186,0.3133
Belal Halbouni,Vancouver Whitecaps FC,1110,4,0,0,2,0.4575,0.333
Patrick Yazbek,Nashville SC,2538,13,5,1,16,1.2994,0.9014
Artem Smoliakov,Los Angeles FC,1363,14,4,1,15,1.1758,3.0823
Hennadiy Synchuk,CF Montréal,876,24,5,1,10,1.4907,1.0878
Samuel Piette,CF Montréal,1666,3,1,0,7,0.0924,0.4021
Lassi Lappalainen,Columbus Crew,585,13,2,1,11,1.2559,2.3106
Jared Stroud,D.C. United,1474,33,7,0,24,3.0087,3.2092
Bruno Wilson,San Jose Earthquakes,1417,7,2,1,0,1.5137,0.0
Tim Leibold,Sporting Kansas City,978,10,2,1,15,0.8546,1.6112
Luis Muriel,Orlando City SC,2358,77,29,9,44,8.6723,6.0964
Andre Blake,Philadelphia Union,2321,0,0,0,1,0.0,0.039
Nemanja Radoja,Sporting Kansas City,1232,6,1,0,1,0.2782,0.0566
DeAndre Yedlin,FC Cincinnati,2985,11,4,1,28,0.7665,2.852
Hassani Dotson,Minnesota United FC,529,2,2,1,6,0.1013,0.7795
Joseph Paintsil,LA Galaxy,2213,61,32,10,20,10.1539,1.9914
Derek Dodson,D.C. United,659,1,1,0,6,0.1226,0.5439
Mohammed Sofo,New York Red Bulls,1751,35,14,5,9,4.3254,1.2994
Will Sands,New England Revolution,883,4,1,0,4,0.3076,0.2994
Andrew Thomas,Seattle Sounders FC,835,0,0,0,0,0.0,0.0
Kevin O'Toole,New York City FC,2582,10,6,1,17,0.6325,1.796
Max Floriani,San Jose Earthquakes,931,0,0,0,2,0.0,0.0863
Jeevan Badwal,Vancouver Whitecaps FC,1115,7,5,1,5,0.9472,0.6039
Oscar Verhoeven,San Jose Earthquakes,1156,1,0,0,8,0.0404,1.078
Frankie Westfield,Philadelphia Union,2129,17,5,1,21,1.4424,1.9413
Édier Ocampo,Vancouver Whitecaps FC,2968,40,10,2,20,2.3443,3.2387
Sergio Oregel,Chicago Fire FC,2350,14,4,0,20,1.0341,1.6349
Taha Habroune,Columbus Crew,835,8,5,1,5,1.583,0.8365
Xande Silva,St. Louis City SC,555,13,3,0,9,0.6356,1.3376
Sergio Santos,FC Cincinnati,767,12,5,2,13,2.8618,1.2471
Mathieu Choinière,Los Angeles FC,825,8,2,1,6,0.7583,0.4749
Jayden Hibbert,Atlanta United FC,818,0,0,0,0,0.0,0.0
Gilberto Flores,FC Cincinnati,1349,9,2,0,1,0.5842,0.0284
Marco Pašalić,Orlando City SC,2876,103,43,12,43,9.9813,5.3445
Erik Thommy,Sporting Kansas City,1414,45,12,4,13,2.1983,1.8059
Jesús Ferreira,Seattle Sounders FC,2630,41,19,4,38,6.3246,3.5734
Jackson Yueill,New England Revolution,813,3,0,0,6,0.0761,0.3113
Daniel Lovitz,Nashville SC,3192,12,3,2,20,0.6094,2.8684
Daniel Ríos,Vancouver Whitecaps FC,1779,43,12,4,9,7.4879,1.4988
Matt Polster,New England Revolution,2585,11,4,1,11,1.3303,0.3187
Idan Toklomati,Charlotte FC,2346,48,23,12,24,11.7024,3.5263
Agustín Ojeda,New York City FC,1741,21,6,0,22,1.3514,3.2801
J.C. Ngando,Vancouver Whitecaps FC,1408,14,6,2,26,1.518,2.6726
Strahinja Tanasijević,New York City FC,718,0,0,0,0,0.0,0.0
Jayden Nelson,Vancouver Whitecaps FC,1550,34,12,2,19,3.8823,4.2503
Matthew Edwards,Atlanta United FC,1347,3,1,0,8,0.6317,0.8191
Andrés Herrera,Columbus Crew,1774,27,9,5,20,3.686,2.4672
Fernando Álvarez,CF Montréal,1247,5,2,0,0,0.166,0.0
Kellyn Acosta,Chicago Fire FC,795,2,2,0,3,0.0943,0.2932
Stian Gregersen,Atlanta United FC,1493,5,0,0,4,0.6804,0.4973
Dave Romney,San Jose Earthquakes,3052,13,2,0,6,0.81,0.7732
Alexandros Katranis,Real Salt Lake,2126,28,7,1,33,1.4009,3.7506
Sigurd Rosted,Toronto FC,2826,11,3,1,5,0.9213,0.6986
Brandon Vázquez,Austin FC,1734,54,23,5,8,9.8684,0.8307
Sean Johnson,Toronto FC,3134,0,0,0,1,0.0,0.1199
Ryan Gauld,Vancouver Whitecaps FC,474,10,5,1,9,1.4099,0.7696
Nick Hagglund,FC Cincinnati,1557,10,2,1,4,0.8361,0.3603
Raul Gustavo,New York City FC,872,4,1,0,4,0.0783,0.1509
Albert Rusnák,Seattle Sounders FC,2705,69,30,12,85,9.6003,8.6239
Niko Tsakiris,San Jose Earthquakes,435,5,1,1,5,0.4183,0.7256
Djé D'Avilla,Chicago Fire FC,1579,5,2,2,5,0.4821,0.5119
Julián Fernández,New York City FC,1665,41,11,3,43,3.5533,6.264
Darren Yapi,Colorado Rapids,1593,29,15,8,15,6.2933,1.747
Djibril Diani,Charlotte FC,1620,12,5,0,5,0.907,0.3326
César Araújo,Orlando City SC,2101,19,6,2,18,0.8721,1.4932
Roman Bürki,St. Louis City SC,2567,0,0,0,0,0.0,0.0
Danley Jean Jacques,Philadelphia Union,2933,45,13,3,29,5.3245,2.6679
Andrew Brody,Sporting Kansas City,556,1,0,0,7,0.1105,0.5287
Emmanuel Latte Lath,Atlanta United FC,2441,58,18,7,19,10.9273,1.6453
Frankie Amaya,Los Angeles FC,613,7,3,1,10,0.6504,0.4079
Kristoffer Velde,Portland Timbers FC,1124,41,14,2,25,2.9555,3.6932
Hugo Lloris,Los Angeles FC,3537,0,0,0,0,0.0,0.0
Noah Cobb,Atlanta United FC,914,3,1,0,1,0.2627,0.1758
Igor Jesus,Los Angeles FC,2075,15,2,0,8,0.9037,0.6506
Brayan Ceballos,New England Revolution,2868,11,2,1,4,0.7194,0.3121
Luca Langoni,New England Revolution,1818,27,10,2,27,2.6549,3.1633
Willy Kumado,San Diego FC,874,1,0,0,7,0.0404,0.2606
Juan Mosquera,Portland Timbers FC,2805,21,6,1,28,1.3085,3.6144
Jansen Miller,Sporting Kansas City,2614,10,5,0,6,1.2547,0.3321
Felipe Mora,Portland Timbers FC,2077,45,21,7,16,10.6542,1.8414
Isaiah Parente,LA Galaxy,1236,7,1,0,12,0.2531,0.5672
Anderson Julio,FC Dallas,1857,36,18,6,19,4.0392,2.5726
Franco Escobar,Houston Dynamo FC,1803,12,3,2,12,1.6495,1.3476
Luis Abram,Atlanta United FC,1690,1,0,0,0,0.0186,0.0
Richie Laryea,Toronto FC,1426,8,1,1,2,0.6577,0.4737
Bartosz Slisz,Atlanta United FC,2586,24,8,2,23,1.8591,1.5495
Brian Anunga,FC Cincinnati,1926,9,2,0,6,0.799,0.3638
Joel Waterman,Chicago Fire FC,2512,1,1,1,6,0.0774,0.7228
Leonardo Campana,New England Revolution,1841,64,21,7,14,8.1432,0.8972
Nathan Harriel,Philadelphia Union,2649,13,4,2,12,1.5409,1.2218
Efrain Morales,Atlanta United FC,999,3,0,0,1,0.3546,0.4277
Kelvin Yeboah,Minnesota United FC,2491,63,33,9,14,13.3561,1.1115
Malte Amundsen,Columbus Crew,2271,12,2,1,5,1.0607,0.8885
Jesús Bueno,Philadelphia Union,1067,13,3,1,6,0.8603,0.4369
Kosi Thompson,Toronto FC,2380,6,3,0,5,0.4371,0.419
Noah Eile,New York Red Bulls,2944,19,6,1,4,1.9934,0.343
Jonathan Bond,Houston Dynamo FC,2696,0,0,0,0,0.0,0.0
Brad Smith,FC Cincinnati,416,2,0,0,3,0.4043,0.2166
Jonathan Osorio,Toronto FC,2150,16,10,4,16,2.5377,1.4035
Derrick Williams,Atlanta United FC,1485,8,4,1,1,1.1163,0.0209
Ramiro,FC Dallas,2761,6,3,0,22,0.1642,2.8199
Ryan Kent,Seattle Sounders FC,675,5,0,0,14,0.2835,1.766
Maya Yoshida,LA Galaxy,2637,20,5,2,8,3.3886,1.0828
Wilfried Zaha,Charlotte FC,3262,60,30,10,37,8.988,4.4723
Sam Surridge,Nashville SC,3545,116,56,25,26,28.0475,4.6965
Rominigue Kouame,Chicago Fire FC,782,13,7,3,5,1.505,0.4796
Cedric Teuchert,St. Louis City SC,1365,27,14,3,9,3.7635,0.8502
Fabian Herbers,CF Montréal,820,13,2,1,10,1.0692,1.4352
Matías Rojas,Portland Timbers FC,422,15,6,1,10,0.9204,0.5781
Matty Longstaff,Toronto FC,1702,12,5,0,17,0.751,1.7956
DeJuan Jones,Columbus Crew,1566,5,2,1,23,0.5135,3.4752
Mark-Anthony Kaye,San Jose Earthquakes,1200,14,2,1,10,1.6247,0.5722
Sam Rogers,Chicago Fire FC,1970,8,3,0,1,1.3971,0.0253
Jefferson Díaz,Minnesota United FC,2381,19,5,1,14,1.7525,1.4495
Noah Allen,Inter Miami CF,2630,5,2,0,4,0.2299,0.7592
Cameron Harper,New York Red Bulls,744,19,6,3,7,2.7723,1.5944
Tomás Chancalay,New England Revolution,1353,53,23,4,18,6.3466,2.5643
Brian Gutiérrez,Chicago Fire FC,2509,80,35,10,51,10.2303,5.8403
Paxten Aaronson,Colorado Rapids,644,22,8,1,10,2.1032,0.7888
Brandon Bye,New England Revolution,1306,9,1,0,14,0.7878,1.7074
Evan Bush,Columbus Crew,604,0,0,0,0,0.0,0.0
Maxime Crépeau,Portland Timbers FC,1497,0,0,0,0,0.0,0.0
Alonso Coello,Toronto FC,2434,13,5,1,26,0.7779,2.1345
Maxi Moralez,New York City FC,3447,35,8,3,69,4.2658,8.3367
Andrew Rick,Philadelphia Union,1443,0,0,0,0,0.0,0.0
Brooklyn Raines,Houston Dynamo FC,1908,7,0,0,9,0.2441,0.3552
Alejandro Bedoya,Philadelphia Union,925,13,3,1,13,2.1026,1.0552
Ralph Priso,Vancouver Whitecaps FC,2109,7,2,1,9,1.7857,1.485
Pedro Vite,Vancouver Whitecaps FC,1564,30,13,4,31,2.3689,4.4513
Pedro Amador,Atlanta United FC,2315,14,4,1,15,0.4706,1.3535
Serge Ngoma,New York Red Bulls,757,12,3,1,6,0.8686,1.2831
Duncan McGuire,Orlando City SC,944,21,6,3,19,4.1748,2.2189
Ondrej Lingr,Houston Dynamo FC,1981,39,9,3,25,4.479,2.3674
Tomas Ostrak,St. Louis City SC,1144,18,4,1,9,1.2677,0.6353
Dejan Joveljic,Sporting Kansas City,3090,69,41,18,30,14.1963,2.563
Robert Taylor,Inter Miami CF,843,17,6,2,8,1.9276,1.0056
Josef Martínez,San Jose Earthquakes,2111,55,36,14,17,13.6134,1.3915
Christian Cappis,FC Dallas,1072,6,2,1,9,0.9103,0.4746
Jack Maher,Nashville SC,3005,11,3,0,2,0.9858,0.0891
Matthew Corcoran,Nashville SC,477,1,0,0,3,0.0688,0.2193
Tani Oluwaseyi,Minnesota United FC,2049,62,28,10,22,10.8235,4.318
Amahl Pellegrino,San Jose Earthquakes,1348,35,13,7,14,7.1109,2.0152
Hannes Wolf,New York City FC,3193,62,21,11,36,6.9879,3.5683
Nico Hansen,Colorado Rapids,1003,0,0,0,0,0.0,0.0
Brooks Lennon,Atlanta United FC,1759,8,3,1,20,1.2934,2.3082
Connor Ronan,Colorado Rapids,1164,8,3,0,20,0.6761,1.7038
Rodrigues,San Jose Earthquakes,1660,13,3,1,5,1.1097,0.5939
Nathan Ordaz,Los Angeles FC,1622,31,16,6,23,7.393,2.2653
Ali Ahmed,Vancouver Whitecaps FC,1865,34,13,1,44,4.3527,7.1279
Jonathan Shore,New York City FC,1726,15,3,1,8,0.827,0.4113
Felipe Carballo,New York Red Bulls,1183,19,4,0,11,1.1656,1.1231
Daniel,San Jose Earthquakes,2831,0,0,0,0,0.0,0.0
Daniel Steres,Houston Dynamo FC,446,1,0,0,0,0.047,0.0
Ajani Fortune,Atlanta United FC,904,7,3,1,9,0.8965,1.2567
Andrew Privett,Charlotte FC,2047,3,1,1,2,0.3853,0.1345
Elijah Wynder,LA Galaxy,1053,10,5,2,9,1.1759,0.629
Sergio Busquets,Inter Miami CF,3809,4,1,0,37,0.4409,6.7031
Mathías Laborda,Vancouver Whitecaps FC,2849,38,9,6,16,5.1728,1.3624
Sam Junqua,Real Salt Lake,2120,11,3,1,23,1.0157,2.1172
Deybi Flores,Toronto FC,1506,14,4,2,7,0.8469,0.7583
Khiry Shelton,Sporting Kansas City,2040,6,2,0,7,0.3802,0.3299
Brendan Hines-Ike,Austin FC,3304,10,0,0,1,1.2197,0.5294
Josh Yaro,St. Louis City SC,1405,3,1,1,1,0.4854,0.0149
Andreas Maxsø,Colorado Rapids,3230,9,2,1,3,0.8929,0.6467
Nicolás Lodeiro,Houston Dynamo FC,679,6,2,1,13,0.3561,1.566
Kevin Kelsy,Portland Timbers FC,1978,40,15,7,12,7.2859,0.8556
Joran Gerbet,Orlando City SC,1276,3,0,0,5,0.0838,0.8321
Edwin Cerrillo,LA Galaxy,2954,23,3,0,18,0.9046,1.1331
Brian White,Vancouver Whitecaps FC,2122,59,33,18,12,17.2744,1.3912
Andrés Perea,New York City FC,2147,35,11,3,10,4.0851,1.6737
Kobe Franklin,Toronto FC,896,3,1,0,0,0.0666,0.0
Lorenzo Insigne,Toronto FC,945,17,5,1,15,1.3106,1.2504
Ilay Feingold,New England Revolution,2464,14,6,3,19,1.3855,2.4337
Patrick Agyemang,Charlotte FC,1316,35,18,6,17,6.0257,2.6355
Pedrinho,FC Dallas,1120,14,6,2,14,2.7995,2.5083
Obafemi Awodesu,Houston Dynamo FC,1755,3,1,1,1,0.4866,0.2072
Tyler Wolff,Real Salt Lake,453,4,1,0,6,0.5262,0.5937
Martín Ojeda,Orlando City SC,3074,107,41,16,94,12.8979,9.4795
Ezequiel Ponce,Houston Dynamo FC,2989,81,24,10,11,13.5886,1.1256
José Cifuentes,Toronto FC,528,2,0,0,11,0.0695,0.7162
Hany Mukhtar,Nashville SC,3649,127,65,17,95,17.1368,11.4581
João Paulo,Seattle Sounders FC,545,4,0,0,4,0.1282,0.2507
Robin Jansson,Orlando City SC,3041,7,4,1,4,1.0844,0.1364
Nolan Norris,FC Dallas,819,5,1,0,3,0.9965,0.6435
Birk Risa,New York City FC,1187,4,1,0,7,0.2181,0.42
Sam Vines,Colorado Rapids,1440,8,2,0,10,0.9925,1.2815
Jake Girdwood-Reich,St. Louis City SC,580,0,0,0,0,0.0,0.0
Ahmed Qasem,Nashville SC,1397,19,8,2,9,2.0318,1.6945
Rafael Navarro,Colorado Rapids,2974,88,34,12,29,16.8107,6.1745
Carlos Terán,Chicago Fire FC,602,3,1,1,0,0.1854,0.0
Mauricio Cuevas,LA Galaxy,941,5,2,2,12,0.473,2.5745
Lukas MacNaughton,D.C. United,788,6,3,1,2,0.7151,0.4789
Tristan Blackmon,Vancouver Whitecaps FC,2533,12,3,2,9,1.6813,1.0665
Marco Reus,LA Galaxy,1640,28,11,5,44,4.279,5.632
Júnior Urso,Houston Dynamo FC,1123,13,3,1,5,1.3352,0.5877
Zanka,LA Galaxy,1507,4,1,0,5,0.4472,0.924
Quinn Sullivan,Philadelphia Union,2155,57,18,2,43,4.4949,5.8324
Conner Antley,D.C. United,1498,6,2,1,6,0.9768,0.4284
Omari Glasgow,Chicago Fire FC,624,6,1,0,4,0.3888,1.0866
Ethan Bartlow,Houston Dynamo FC,1525,10,2,0,4,1.2225,0.7559
Oleksandr Svatok,Austin FC,2821,8,2,1,5,0.9092,0.6406
Myrto Uzuni,Austin FC,2504,58,25,6,19,10.6819,2.5561
Pablo Sisniega,San Diego FC,788,0,0,0,0,0.0,0.0
Matt Turner,New England Revolution,1012,0,0,0,0,0.0,0.0
Jayden Reid,St. Louis City SC,531,0,0,0,1,0.0,0.0369
Obed Vargas,Seattle Sounders FC,2846,35,12,5,17,3.0341,1.6104
Olivier Mbaizo,Philadelphia Union,563,1,0,0,6,0.0167,0.771
Fallou Fall,St. Louis City SC,684,6,1,0,4,0.5755,0.7747
Nicolás Romero,Minnesota United FC,2516,21,2,0,8,2.0306,1.7853
Alex Roldan,Seattle Sounders FC,2646,30,9,0,26,1.3585,3.0998
Emeka Eneli,Real Salt Lake,2113,9,2,0,21,0.3727,1.6119
Simon Becher,St. Louis City SC,1472,43,19,3,13,8.7212,1.7438
Brandon Servania,D.C. United,2238,15,3,0,10,0.6873,0.6779
Steven Alzate,Atlanta United FC,726,6,3,0,7,0.3239,0.4802
Yuya Kubo,FC Cincinnati,874,22,10,1,6,1.9139,0.3604
Jacob Shaffelburg,Nashville SC,1433,27,10,4,20,3.9271,3.5643
Josh Atencio,Colorado Rapids,1957,13,0,0,10,1.0941,1.0367
Kai Wagner,Philadelphia Union,3429,19,5,2,103,0.71,11.7977
Stefan Frei,Seattle Sounders FC,2922,0,0,0,0,0.0,0.0
Jeffrey Gal,Chicago Fire FC,764,0,0,0,0,0.0,0.0
Adilson Malanda,Charlotte FC,3557,17,1,1,4,1.9628,0.4876
Miki Yamane,LA Galaxy,2478,11,3,1,24,1.0884,3.6612
Dániel Gazdag,Columbus Crew,2858,49,21,6,31,10.7585,3.8185
Anders Dreyer,San Diego FC,3926,116,56,23,93,17.3347,12.5194
Timothy Tillman,Los Angeles FC,2970,27,5,0,27,2.1118,1.9178
Jannes Horn,St. Louis City SC,779,2,0,0,7,0.037,0.788
Edvard Tagseth,Nashville SC,2993,11,4,0,29,0.5592,2.8128
Cristian Arango,San Jose Earthquakes,2839,124,42,13,27,15.9574,3.6271
Beau Leroux,San Jose Earthquakes,2322,39,18,5,19,2.8233,1.832
Osman Bukari,Austin FC,2621,42,21,3,37,4.5398,3.8774
Peter Stroud,New York Red Bulls,1897,16,2,0,16,1.5999,2.7339
Dylan Nealis,New York Red Bulls,1238,10,3,1,8,0.7105,0.5913
Christopher McVey,San Diego FC,3760,22,4,2,8,1.9606,1.3523
Yannick Bright,Inter Miami CF,1609,6,2,1,7,0.2443,0.6306
Olwethu Makhanya,Philadelphia Union,2745,20,4,1,2,2.4158,0.069
Luke Brennan,Atlanta United FC,615,5,1,0,4,0.542,0.8405
Omar Valencia,New York Red Bulls,1542,5,0,0,18,0.3971,1.2663
Corey Baird,San Diego FC,1136,15,4,0,14,1.8562,1.5803
Mauricio Pineda,Chicago Fire FC,1838,11,5,0,9,0.9343,1.7631
Dániel Sallói,Sporting Kansas City,2454,62,27,7,23,6.1155,3.0179
Joaquín Fernández,Sporting Kansas City,1482,7,0,0,3,0.5377,0.2089
Aaron Herrera,D.C. United,2300,16,4,0,36,0.8201,3.6836
Diego Chará,Portland Timbers FC,1762,2,0,0,11,0.0399,1.0733
Mateusz Klich,Atlanta United FC,891,7,2,0,10,0.2274,1.1133
João Klauss,St. Louis City SC,2695,100,33,10,32,12.0102,4.1024
Luis Díaz,New England Revolution,535,13,6,0,6,1.1393,0.8753
Novak Mićović,LA Galaxy,2019,0,0,0,0,0.0,0.0
Tanner Beason,New England Revolution,2166,3,2,0,3,0.1535,0.4119
Kevin Long,Toronto FC,2111,11,2,0,2,1.0556,0.5033
Amine Bassi,Houston Dynamo FC,1954,17,4,2,39,2.005,2.7712
Griffin Dorsey,Houston Dynamo FC,3022,35,8,2,32,2.8282,4.3362
Kim Joon-Hong,D.C. United,807,0,0,0,0,0.0,0.0
Victor Olatunji,Real Salt Lake,778,23,14,4,5,4.3536,0.5019
Alex Mighten,San Diego FC,1236,22,8,1,11,2.5585,1.2574
Tai Baribo,Philadelphia Union,2317,61,25,18,23,15.3073,2.1547
Marco Farfan,FC Dallas,1469,4,1,0,11,0.4743,1.4913
Pep Biel,Charlotte FC,2203,55,23,10,47,7.621,8.5131
Timo Baumgartl,St. Louis City SC,1998,10,1,0,7,1.4047,0.8796
Eduard Atuesta,Orlando City SC,2651,28,6,0,54,2.6194,5.4331
Djordje Mihailovic,Toronto FC,3263,65,28,13,80,11.797,11.0251
Chidozie Awaziem,Colorado Rapids,1990,13,2,0,4,1.8445,1.1895
Aleksey Miranchuk,Atlanta United FC,3075,66,21,6,45,5.8884,4.8851
Michael Boxall,Minnesota United FC,3372,5,1,1,11,0.985,1.5052
Jamal Thiaré,Atlanta United FC,1185,34,14,5,2,6.3099,0.6154
Rob Holding,Colorado Rapids,587,5,2,0,0,0.4618,0.0
Mitja Ilenič,New York City FC,1254,12,4,2,6,0.7942,0.4775
Kyle Hiebert,St. Louis City SC,1884,4,2,1,5,1.4117,0.4766
Kaick,FC Dallas,2017,16,4,2,14,1.181,1.1282
Aaron Long,Los Angeles FC,1422,4,1,1,3,0.5741,0.1177
Mikael Uhre,Philadelphia Union,1562,45,16,6,23,6.1249,4.667
Harry Toffolo,Charlotte FC,435,2,0,0,4,0.1411,0.7292
Keegan Rosenberry,Colorado Rapids,1204,6,3,2,4,0.456,0.3512
Rodrigo de Paul,Inter Miami CF,1593,15,2,1,21,1.6734,2.1313
Henry Kessler,St. Louis City SC,1551,6,1,0,2,0.4438,0.2315
Julián Aude,LA Galaxy,1394,4,1,0,11,0.4433,0.9685
Nicolás Fernández,New York City FC,1462,28,13,5,23,3.0494,2.7158
Ted Ku-Dipietro,Colorado Rapids,1274,26,12,1,18,3.1059,2.0714
Bernard Kamungo,FC Dallas,1997,31,11,2,14,3.8591,1.2212
Josh Bauer,Nashville SC,1178,10,4,3,10,1.7281,1.057
William Agada,Real Salt Lake,1480,42,7,2,17,4.8872,1.7139
Manu Duah,San Diego FC,1707,6,1,0,3,0.2621,0.4406
Alvas Powell,FC Cincinnati,1142,5,3,0,3,0.2583,0.9501
Kim Kee-hee,Seattle Sounders FC,1170,3,0,0,2,0.1999,0.0715
Noel Caliskan,Real Salt Lake,2287,15,3,1,13,0.615,0.8478
Eric Maxim Choupo-Moting,New York Red Bulls,3088,59,36,17,36,13.8891,3.7971
Jakob Glesnes,Philadelphia Union,3269,24,4,1,7,1.0058,0.8878
Sean Zawadzki,Columbus Crew,3018,12,4,2,10,0.9513,0.774
Luca Petrasso,CF Montréal,2997,11,4,2,21,0.9819,3.2422
Eryk Williamson,Charlotte FC,838,3,0,0,6,0.299,0.6367
Brenner,FC Cincinnati,959,24,13,6,10,4.443,1.3559
Ronald Hernández,Atlanta United FC,1447,7,2,1,13,0.776,1.4941
Mason Toye,Sporting Kansas City,639,14,8,3,1,2.9144,0.0708
Akil Watts,St. Louis City SC,1617,16,6,1,8,1.2301,1.0583
Jeisson Palacios,Nashville SC,2270,16,4,2,2,1.1978,0.1777
Nelson Palacio,Real Salt Lake,689,9,2,0,4,0.207,0.1025
Jovan Lukić,Philadelphia Union,3188,51,9,2,22,2.4866,1.749
Dennis Gjengaar,New York Red Bulls,886,12,7,2,6,2.5435,1.2714
Brayan Vera,Real Salt Lake,2342,26,4,1,6,1.0878,0.7995
CJ Fodrey,Austin FC,521,18,4,1,6,1.7449,1.6814
Mikkel Desler,Austin FC,1631,7,1,1,10,1.011,2.1061
Álvaro Augusto,FC Dallas,443,2,1,0,0,0.1658,0.0
Jeremy Ebobisse,Los Angeles FC,1007,20,10,5,8,3.9675,1.1523
Tom Barlow,Chicago Fire FC,535,8,4,3,2,1.6628,0.1143
David Martínez,Inter Miami CF,446,3,1,1,2,0.2742,0.4945
Andrés Cubas,Vancouver Whitecaps FC,2681,9,2,0,10,0.5987,1.1894
Justen Glad,Real Salt Lake,3246,16,2,1,10,1.2823,1.0934
Ronald Donkor,New York Red Bulls,1017,5,1,0,15,0.1178,1.1026
Mateo Silvetti,Inter Miami CF,518,12,3,2,4,2.1259,0.5152
Ender Echenique,FC Cincinnati,915,12,2,1,13,1.4772,1.0849
Tomás Avilés,Inter Miami CF,1398,4,2,2,0,0.3831,0.0
Olivier Giroud,Los Angeles FC,595,20,9,3,8,4.5082,0.678
Sebastian Berhalter,Vancouver Whitecaps FC,3145,61,20,4,84,3.146,8.8334
Benjamin Cremaschi,Inter Miami CF,1540,12,4,1,15,1.5199,2.2277
David Martínez,Los Angeles FC,1413,41,16,3,15,4.4326,2.3977
Morris Duggan,Minnesota United FC,1747,9,4,0,4,0.5644,0.5406
Owen Gene,Minnesota United FC,795,4,1,0,1,0.3182,0.0139
Monsef Bakrar,New York City FC,703,19,5,2,6,1.8023,0.5075
Alonso Martínez,New York City FC,3029,110,54,19,21,23.5306,2.0173
Yaw Yeboah,Los Angeles FC,559,7,1,1,5,0.2839,0.788
Joe Willis,Nashville SC,3766,1,1,0,0,0.0564,0.0
Christian Ramírez,LA Galaxy,1079,23,9,4,10,5.2137,0.758
Federico Bernardeschi,Toronto FC,1443,48,16,4,24,4.4616,3.4398
Johnny Russell,Real Salt Lake,420,11,5,2,7,1.5603,0.5368
Julian Gressel,Minnesota United FC,1220,10,3,1,15,0.6296,2.1969
Nick Lima,San Jose Earthquakes,529,4,0,0,8,0.1711,0.7651
Alex Muyl,Nashville SC,2651,35,17,1,19,5.2558,2.0659
Tom Pearce,CF Montréal,1030,23,11,0,14,1.1867,1.881
Marcel Hartel,St. Louis City SC,3409,75,27,9,97,7.7701,10.2569
James Pantemis,Portland Timbers FC,2340,0,0,0,1,0.0,0.0314
Gonzalo Lujan,Inter Miami CF,1964,6,2,0,3,0.3596,0.1789
Tsiki Ntsabeleng,FC Dallas,415,6,1,0,3,0.9494,0.2871
Marcelo Weigandt,Inter Miami CF,1890,8,4,1,9,1.4907,1.3596
Jeong Sang-Bin,Minnesota United FC,1097,14,2,1,12,2.1933,1.5632
Chris Brady,Chicago Fire FC,2999,0,0,0,0,0.0,0.0
Mohamed Farsi,Columbus Crew,1643,16,8,1,21,2.0781,2.2696
Liel Abada,Charlotte FC,1741,46,16,5,27,7.232,4.109
Jaziel Orozco,St. Louis City SC,622,4,2,1,3,0.3046,0.0795
Matti Peltola,D.C. United,1729,9,0,0,5,0.3514,0.6926
George Campbell,CF Montréal,1499,11,2,0,5,0.5036,0.974
Ramiro Enrique,Orlando City SC,1123,30,17,8,5,7.3135,0.253
Felipe Andrade,Houston Dynamo FC,1973,30,14,4,9,3.986,1.8715
Lucas Bartlett,D.C. United,2925,11,3,0,10,0.9745,1.3981
Hirving Lozano,San Diego FC,2182,96,31,11,37,11.8614,4.8003
Maximiliano Falcón,Inter Miami CF,2685,6,2,1,0,0.7787,0.0
Roman Celentano,FC Cincinnati,3424,0,0,0,0,0.0,0.0
Jacob Bartlett,Sporting Kansas City,2178,4,1,0,14,0.1282,1.0078
Alex Freeman,Orlando City SC,2878,46,15,6,43,7.2285,4.9642
Ian Pilcher,San Diego FC,1529,4,2,1,5,0.2914,0.3495
Christian Benteke,D.C. United,2092,78,36,9,17,14.3207,2.3309
Alexander Hack,New York Red Bulls,1666,10,6,1,5,1.2869,0.5726
Aníbal Godoy,San Diego FC,2291,20,7,1,16,1.6884,1.2252
Paddy McNair,San Diego FC,1965,10,5,0,5,0.9705,0.9867
Ben Lundt,St. Louis City SC,916,0,0,0,0,0.0,0.0
Darlington Nagbe,Columbus Crew,3178,10,2,0,14,0.3858,0.529
Dario Župarić,Portland Timbers FC,1963,6,1,0,4,0.4156,0.2028
Steven Moreira,Columbus Crew,3002,20,7,1,19,1.4143,2.2381
Óscar Ustari,Inter Miami CF,2316,0,0,0,0,0.0,0.0
Lucas Sanabria,LA Galaxy,1106,8,4,2,3,0.9393,0.5671
Besard Šabović,Austin FC,2010,23,5,1,16,1.3628,1.9714
Ronaldo Vieira,San Jose Earthquakes,592,9,3,0,4,0.6535,0.1148
Derrick Etienne Jr.,Toronto FC,1124,13,3,0,8,1.2651,1.0563
Manu García,Sporting Kansas City,2364,21,5,2,40,1.5748,4.7966
Nick Scardina,Charlotte FC,900,1,0,0,2,0.0349,0.6396
Ian Harkes,San Jose Earthquakes,2386,32,10,3,23,1.6111,2.7432
Emiro Garcés,LA Galaxy,1928,5,2,1,6,0.331,0.4589
Zavier Gozo,Real Salt Lake,2094,41,20,4,21,5.6673,2.1944
Antony,Portland Timbers FC,2831,64,28,7,30,8.5495,3.5714
Jules-Anthony Vilsaint,Toronto FC,493,12,6,1,4,1.8482,0.5152
Theo Corbeanu,Toronto FC,2554,56,25,6,31,6.1344,3.1483
John Pulskamp,Sporting Kansas City,3456,0,0,0,2,0.0,0.3526
Justin Haak,New York City FC,3862,17,7,2,14,1.5403,2.7368
Bryce Duke,CF Montréal,775,8,4,0,13,0.8636,0.9573
Telasco Segovia,Inter Miami CF,2017,24,14,9,30,3.3515,2.6974
Nectarios Triantis,Minnesota United FC,797,13,6,3,4,0.9588,0.5224
Diego Rubio,Austin FC,1098,24,6,2,12,1.7274,1.2179
Philip Zinckernagel,Chicago Fire FC,2967,78,31,15,71,8.9104,8.6607
Antônio Carlos,Houston Dynamo FC,701,8,2,1,3,0.3987,0.2098
Cole Bassett,Colorado Rapids,2415,43,15,3,29,6.1461,3.3235
Jon Bell,Seattle Sounders FC,1508,3,0,0,1,0.164,0.0402
Tyrese Spicer,Toronto FC,1385,24,9,4,16,1.9109,2.5707
Joseph Rosales,Minnesota United FC,1811,21,6,1,26,1.8021,2.4154
Jack McGlynn,Houston Dynamo FC,2582,58,23,6,84,3.8968,7.8697
Bongokuhle Hlongwane,Minnesota United FC,3039,35,11,3,22,5.1885,3.2282
Daniel Edelman,New York Red Bulls,2239,14,4,1,7,0.8451,0.6028
Lazar Stefanovic,Toronto FC,682,0,0,0,1,0.0,0.0217
Luca Bombino,San Diego FC,2848,20,5,1,19,1.5631,2.4515
CJ dos Santos,San Diego FC,3198,0,0,0,0,0.0,0.0
Miles Robinson,FC Cincinnati,2882,16,2,1,7,1.7745,0.3712
Chris Durkin,St. Louis City SC,1225,12,3,0,5,0.7345,0.3558
Prince Owusu,CF Montréal,3120,83,39,13,31,17.6393,4.2387
Maxime Dominguez,Toronto FC,1567,19,3,0,15,1.0572,1.8338
Brandt Bronico,Charlotte FC,2781,21,5,2,12,3.0295,1.9493
Jeppe Tverskov,San Diego FC,3850,22,6,2,45,2.2367,5.8161
Bill Tuiloma,Charlotte FC,469,4,1,1,1,0.2489,0.0783
Pedro Gallese,Orlando City SC,3366,0,0,0,2,0.0,0.5077
Evander,FC Cincinnati,3427,125,56,18,81,8.7903,10.0007
Evan Louro,FC Cincinnati,405,0,0,0,0,0.0,0.0
Dayne St. Clair,Minnesota United FC,3410,0,0,0,0,0.0,0.0
Kyle Smith,Orlando City SC,1359,9,2,0,7,1.0611,1.3645
Walker Zimmerman,Nashville SC,2043,26,4,0,6,2.5098,1.0146
André Franco,Chicago Fire FC,435,5,1,0,12,0.1781,1.9248
Miguel Berry,LA Galaxy,764,8,4,0,10,1.5766,1.0611
Patrick Schulte,Columbus Crew,2825,0,0,0,4,0.0,0.5546
David Schnegg,D.C. United,2994,16,4,0,31,1.6199,3.524
Alan Montes Castro,Sporting Kansas City,509,8,2,0,1,0.8822,0.1154
Gabriel Pec,LA Galaxy,2764,110,44,7,22,10.62,4.7142
Andy Najar,Nashville SC,3116,17,8,2,38,0.9634,4.4527
Sebastian Kowalczyk,Houston Dynamo FC,1702,21,7,1,16,1.3575,1.5906
Cristhian Paredes,Portland Timbers FC,1301,10,2,2,16,0.9726,1.0304
Mamadou Fofana,New England Revolution,2849,5,0,0,3,0.1485,0.464
Javairô Dilrosun,Los Angeles FC,470,12,6,2,3,0.9918,0.3846
Memo Rodríguez,Sporting Kansas City,766,9,1,0,14,0.3468,1.8148
Luciano Acosta,FC Dallas,1912,30,14,5,41,5.3308,5.3691
Žan Kolmanič,Austin FC,965,5,2,1,18,0.2972,2.7951
John Nelson,LA Galaxy,2288,9,1,0,12,0.3445,1.0263
Ian James,Sporting Kansas City,559,1,0,0,0,0.093,0.0
Harbor Miller,LA Galaxy,696,10,1,1,6,1.1624,0.5086
Federico Redondo,Inter Miami CF,1022,3,0,0,3,0.126,0.2581
Dominik Marczuk,Real Salt Lake,1222,19,5,1,9,1.7891,1.4641
Bruno Damiani,Philadelphia Union,2522,79,36,8,28,12.8023,2.4801
Gerardo Valenzuela,FC Cincinnati,971,30,18,5,16,3.3273,1.6264
William Reilly,Atlanta United FC,564,4,2,1,4,0.6386,0.1497
Victor Loturi,CF Montréal,2826,12,7,2,21,1.52,1.7979
Ousseni Bouda,San Jose Earthquakes,1555,41,17,3,19,5.3773,1.9386
Santiago Muñoz,Sporting Kansas City,1011,21,7,3,10,3.9101,0.4504
Rodrigo Schlegel,Orlando City SC,3085,14,4,0,1,0.4762,0.014
Diego Fagundez,LA Galaxy,2684,26,7,6,51,2.7122,4.0293
Zack Steffen,Colorado Rapids,2332,0,0,0,0,0.0,0.0
Nathan Byrne,Charlotte FC,2024,0,0,0,8,0.0,0.6535
Calvin Harris,Colorado Rapids,1480,32,10,5,9,5.3318,1.4603
Ignatius Ganago,New England Revolution,1744,39,15,3,9,5.9222,1.3491
Son Heung-Min,Los Angeles FC,1232,45,26,12,41,6.6889,3.8613
Sebastien Ibeagha,FC Dallas,3306,15,7,1,5,2.1046,0.6814
Nicolás Dubersarsky,Austin FC,820,3,0,0,3,0.427,0.1678
Logan Farrington,FC Dallas,1907,30,12,5,15,3.4282,1.9385
Jonathan Dean,Chicago Fire FC,2159,8,4,1,14,1.3535,1.6067
Lalas Abubakar,FC Dallas,1981,8,3,1,3,0.5285,0.1225
Matt Freese,New York City FC,3597,0,0,0,0,0.0,0.0
Dénis Bouanga,Los Angeles FC,3294,163,78,26,49,26.3141,8.758
Erik Sviatchenko,Houston Dynamo FC,1072,10,4,0,0,1.2579,0.0
Rafael Cabral,Real Salt Lake,3564,0,0,0,0,0.0,0.0
Eddie Segura,Los Angeles FC,3126,15,3,1,11,1.5875,0.8908
Franco Negri,San Diego FC,871,6,2,1,6,0.1621,0.7689
Aiden O'Neill,New York City FC,2067,13,1,0,9,0.4185,0.4848
Jordan Morris,Seattle Sounders FC,1178,22,16,7,14,6.1373,2.8673
Pablo Ruiz,Real Salt Lake,1354,19,8,0,31,0.6488,2.5651
Jonathan Bamba,Chicago Fire FC,3018,64,29,6,51,7.311,5.8626
Saba Lobjanidze,Atlanta United FC,2141,38,12,0,35,4.3691,4.9932
Brad Stuver,Austin FC,3645,0,0,0,2,0.0,0.1374
Robin Lod,Minnesota United FC,3055,39,19,6,33,5.0697,5.0084
Kerwin Vargas,Charlotte FC,2215,47,17,6,29,5.0982,4.5325
Baltasar Rodríguez,Inter Miami CF,1109,19,8,3,4,2.5184,0.6382
Jasper Löeffelsend,San Diego FC,680,3,0,0,9,0.156,1.5283
Luca Orellano,FC Cincinnati,2192,59,26,2,39,3.3376,4.0464
Carlos Harvey,Minnesota United FC,1824,21,10,2,9,1.6609,0.9455
Omar González,Chicago Fire FC,511,0,0,0,0,0.0,0.0
Jon Gallagher,Austin FC,2796,14,5,2,16,1.7931,1.4198
Fafa Picault,Inter Miami CF,875,20,9,4,2,4.3598,0.5871
Kévin Denkey,FC Cincinnati,2827,81,39,16,28,14.8511,3.2704
Cristian Roldan,Seattle Sounders FC,3269,41,16,1,36,2.528,3.5376
Miguel Almirón,Atlanta United FC,3016,68,23,6,42,10.3812,4.2914
Tate Johnson,Vancouver Whitecaps FC,2510,8,3,1,16,0.4426,1.1721
Pablo Ortíz,Houston Dynamo FC,1622,4,2,1,1,0.5275,0.1345
Tomás Ángel,San Diego FC,851,13,4,3,12,1.7142,0.9578
David Brekalo,Orlando City SC,2816,25,5,1,7,3.0718,1.1536
Patrickson Delgado,FC Dallas,1949,24,4,1,26,1.6744,2.7201
Bode Hidalgo,CF Montréal,1357,9,4,0,6,0.7068,0.5175
Boris Enow,D.C. United,1838,9,2,1,7,0.5315,0.3679
Amar Sejdić,Columbus Crew,426,3,0,0,2,0.0698,0.2249
Omir Fernández,Colorado Rapids,832,11,3,1,13,1.6408,2.1963
Anthony Markanich,Minnesota United FC,2433,34,12,10,19,4.6928,2.6079
Jackson Ragen,Seattle Sounders FC,2478,14,7,2,9,1.1231,1.2065
Cengiz Ünder,Los Angeles FC,528,16,4,2,10,1.934,1.3224
Nouhou,Seattle Sounders FC,2760,17,4,1,17,0.8638,2.4248
Teenage Hadebe,FC Cincinnati,1485,3,0,0,1,0.193,0.0445
Iván Angulo,Orlando City SC,2578,35,12,0,36,4.1172,5.1882
Milan Iloski,Philadelphia Union,1523,69,31,13,21,6.6556,3.3722
Hugo Cuypers,Chicago Fire FC,3425,89,46,19,34,23.6082,4.4488
Oliver Larraz,Colorado Rapids,2458,20,3,0,26,1.5288,3.4784
Julian Hall,New York Red Bulls,829,16,5,1,4,2.2843,0.298
Shapi Suleymanov,Sporting Kansas City,2210,36,8,2,19,2.5535,1.4211
Rida Zouhir,D.C. United,412,6,2,0,3,0.3761,0.2253
Alejandro Alvarado Jr.,San Diego FC,566,6,3,0,3,0.4724,0.2741
Jamar Ricketts,San Jose Earthquakes,1029,7,2,1,9,0.4129,1.6847
Garrison Tubbs,D.C. United,626,0,0,0,1,0.0,0.0257
Dante Sealy,CF Montréal,2689,58,22,9,36,6.2166,3.8162
Zorhan Bassong,Sporting Kansas City,1868,10,4,1,13,0.6361,1.3014
Jacen Russell-Rowe,Columbus Crew,2027,53,24,9,26,7.4413,4.3172
Gastón Brugman,Nashville SC,1548,16,4,0,28,1.626,3.3808
Carles Gil,New England Revolution,3430,77,30,10,100,7.5532,10.4132
Lionel Messi,Inter Miami CF,3326,176,80,35,89,26.52,16.4661
Tadeo Allende,Inter Miami CF,2908,66,37,20,22,14.3635,2.3369
Gabriel Pirani,D.C. United,2082,59,17,7,35,5.8662,4.5284
Alhassan Yusuf,New England Revolution,3309,25,7,2,33,2.3713,2.2236
Deandre Kerr,Toronto FC,1026,11,7,4,2,1.8494,0.2925
Robert Voloder,Sporting Kansas City,1664,1,1,0,0,0.0242,0.0
Benji Kikanović,San Jose Earthquakes,464,1,0,0,5,0.1702,1.0522
Reed Baker-Whiting,Seattle Sounders FC,632,3,2,0,9,0.159,1.4345
Ian Smith,Portland Timbers FC,1192,10,3,1,5,0.7488,0.3418
Tim Parker,New York Red Bulls,987,4,1,1,1,0.7249,0.0128
Souleyman Doumbia,Charlotte FC,664,0,0,0,2,0.0,0.6606
Jack Elliott,Chicago Fire FC,3635,35,12,4,7,2.8658,0.607
Diego Rossi,Columbus Crew,3003,104,47,16,36,13.98,5.11
Joao Ortíz,Portland Timbers FC,1214,6,0,0,7,0.2698,0.5941
Sergi Palencia,Los Angeles FC,3407,13,3,1,41,1.3477,4.7229
Jordi Alba,Inter Miami CF,3463,24,9,6,65,2.7513,9.1979
Ryan Hollingshead,Los Angeles FC,2660,25,11,2,31,4.6414,3.4905
Diogo Gonçalves,Real Salt Lake,2540,68,23,4,46,5.7837,4.9658
Raoul Petretta,Toronto FC,2069,5,0,0,9,0.3005,0.2951
Ariel Lassiter,Portland Timbers FC,685,9,3,0,10,0.384,1.1717
Artur,Houston Dynamo FC,3237,11,2,1,9,0.2811,0.3997
Dominique Badji,D.C. United,866,16,7,1,5,2.723,0.2525
Conrad Wallem,St. Louis City SC,2726,24,9,1,37,2.8418,3.0327
Lawrence Ennali,Houston Dynamo FC,1149,24,8,1,12,3.7144,1.8224
Finn Surman,Portland Timbers FC,3460,11,2,0,3,1.3149,0.1236
Marcus Ingvartsen,San Diego FC,580,13,6,2,5,2.0633,0.5829
Thiago Martins,New York City FC,3504,16,7,1,1,1.7508,0.0192
Samuel Bassett,Colorado Rapids,414,4,0,0,2,0.7836,0.7436
Jalen Neal,CF Montréal,1066,3,2,1,1,0.3251,0.0179
Juan Berrocal,Atlanta United FC,653,1,0,0,0,0.1707,0.0
Guilherme Biro,Austin FC,3085,25,7,3,21,2.2612,2.6541
Matheus Nascimento,LA Galaxy,1309,18,11,3,14,2.8245,2.1521
Obinna Nwobodo,FC Cincinnati,1019,5,0,0,5,0.1645,0.1116
Tucker Lepley,LA Galaxy,646,13,4,0,8,1.1719,0.4173
Braian Ojeda,Real Salt Lake,2431,36,11,2,24,1.9365,1.4197
Tristan Muyumba,Atlanta United FC,1323,11,5,1,10,1.5679,0.7612
Eric Miller,Portland Timbers FC,529,2,0,0,2,0.2053,0.1185
Luis Suárez,Inter Miami CF,2766,87,33,10,48,14.9548,8.9034
Jimer Fory,Portland Timbers FC,2521,12,4,0,13,1.0327,1.073
Jake Davis,Sporting Kansas City,2090,22,3,0,23,1.1065,2.5652
Hugo Picard,Columbus Crew,883,7,3,0,15,1.6427,1.7972
Chris Rindov,LA Galaxy,572,1,0,0,2,0.0637,0.0835
