player_name,team_title,position,time,games,goals,assists,shots,key_passes,xG,xA,npg,npxG
"Esteban Lepaul","Angers,Rennes","F S","2761","34","21","5","87","23","15.734724316745996","3.3852440919727087","18","12.694475065916777"
"Mason Greenwood","Marseille","F M S","2503","32","16","7","116","56","14.337145529687405","7.642338250763714","10","8.256384439766407"
"Joaquín Panichelli","Strasbourg","F M S","2202","27","16","1","58","21","14.715991329401731","2.9524750281125307","11","10.155420538038015"
"Folarin Balogun","Monaco","F S","2281","30","13","4","77","24","14.093828184530139","4.190360508859158","10","11.813542751595378"
"Odsonne Edouard","Lens","F S","1879","29","12","3","60","20","13.342069167643785","2.0989868957549334","11","12.581974048167467"
"Wesley Said","Lens","M S","2061","29","12","2","60","27","12.056348741054535","5.918922264128923","11","11.296253591775894"
"Lassine Sinayoko","Auxerre","F M","2811","32","12","4","93","40","13.613020814955235","4.946237799711525","9","10.57264032587409"
"Florian Thauvin","Lens","M S","2510","33","11","6","74","80","12.10416847653687","9.864261759445071","9","9.82388306595385"
"Corentin Tolisso","Lyon","F M S","2319","30","11","4","54","33","10.556918144226074","4.521071578375995","9","8.27663278579712"
"Anssumane Fati","Monaco","F M S","1058","25","11","0","43","15","11.288535937666893","1.9022937566041946","8","8.248155388981104"
"Bradley Barcola","Paris Saint Germain","F S","1778","29","11","1","66","38","11.655976854264736","4.783318970352411","11","11.655976854264736"
"Pierre-Emerick Aubameyang","Marseille","F M S","2074","30","10","5","60","27","15.525875067338347","5.136944656725973","10","15.525875067338347"
"Ousmane Dembélé","Paris Saint Germain","F S","1050","22","10","7","45","41","6.604901619255543","5.207486420869827","8","4.324616186320782"
"Ahmadou Bamba Dieng","Lorient","F S","1239","22","10","1","45","11","9.474379494786263","1.150337222032249","9","7.954189226031303"
"Pablo Pagis","Lorient","F M S","1799","28","10","5","59","43","7.786515640094876","4.751152578741312","8","6.266325371339917"
"Martial Godo","Strasbourg","M S","1602","28","10","1","41","22","8.613017499446869","2.2593456469476223","10","8.613017499446869"
"Pavel Sulc","Lyon","F M S","1562","27","10","3","44","22","8.200931411236525","3.4493092335760593","10","8.200931411236525"
"Romain Del Castillo","Brest","F M","2686","32","9","3","34","55","8.386032570153475","6.569920150563121","3","2.3052715435624123"
"Breel Embolo","Rennes","F S","1870","31","9","3","41","15","9.035452591255307","1.4657922452315688","9","9.035452591255307"
"Ilan Kebbal","Paris FC","F M S","2247","29","9","4","50","60","6.201891345903277","5.013933707028627","6","3.1615764759480953"
"Gauthier Hein","Metz","F M S","2355","29","8","7","44","58","7.256195746362209","4.457953127101064","3","3.4557200483977795"
"Amine Gouiri","Marseille","F M S","1318","22","8","3","38","33","7.237069595605135","3.988559890538454","8","7.237069595605135"
"Sofiane Diop","Nice","F M S","2191","33","8","2","54","36","8.183862524107099","3.579524790868163","6","6.663672225549817"
"Yann Gboho","Toulouse","F M S","2619","31","8","4","57","57","5.629588656127453","4.1475674994289875","8","5.629588656127453"
"Ludovic Ajorque","Brest","F","2834","32","8","9","55","41","9.856391444802284","3.8175468407571316","8","9.856391444802284"
"Khvicha Kvaratskhelia","Paris Saint Germain","F S","1477","28","8","4","65","34","7.978250507265329","5.74300504103303","7","7.218155387789011"
"Hákon Haraldsson","Lille","F M S","2517","32","8","2","50","53","8.196693381294608","4.53067035600543","8","8.196693381294608"
"Issa Soumaré","Le Havre","F M S","2942","34","8","5","77","29","14.245313878171146","4.380414232611656","7","11.965028430335224"
"Matias Fernandez-Pardo","Lille","F M S","2408","29","8","5","68","36","11.11183587089181","4.855040938593447","6","9.591645512729883"
"Olivier Giroud","Lille","F S","1610","30","7","1","41","18","8.869264025241137","1.8515658974647522","4","5.828883409500122"
"Désiré Doué","Paris Saint Germain","F M S","1372","23","7","4","55","29","8.188008099794388","3.8526204489171505","7","7.427912965416908"
"Sebastian Nanasi","Strasbourg","M S","1039","19","7","2","19","17","4.77130252122879","2.442550702020526","7","4.77130252122879"
"Emersonn","Toulouse","F S","1517","27","7","2","51","19","7.415036683902144","1.8788170740008354","7","7.415036683902144"
"Matthis Abline","Nantes","F M S","2501","32","6","4","85","30","8.401815695688128","4.085846895352006","6","7.641720516607165"
"Maghnes Akliouche","Monaco","F M S","2430","31","6","6","48","44","6.614660864695907","5.355240166187286","6","6.614660864695907"
"Gonçalo Ramos","Paris Saint Germain","F S","1293","30","6","1","58","17","9.366714945062995","1.5339764999225736","5","7.846524586901069"
"Mousa Al Tamari","Rennes","D F M S","2265","33","6","6","64","34","4.307022389955819","4.362868030555546","6","4.307022389955819"
"Igor Paixão","Marseille","D M S","1979","30","6","5","57","29","5.585691841319203","2.5239504259079695","6","5.585691841319203"
"Aleksandr Golovin","Monaco","M S","1695","25","5","5","34","24","4.700230384245515","2.307285126298666","5","4.700230384245515"
"Ludovic Blas","Rennes","D F M S","1521","32","5","4","47","48","4.744255687110126","6.979083426296711","3","3.224065418355167"
"Willem Geubbels","Paris FC","F S","1013","24","5","0","30","7","5.863018184900284","0.5414527244865894","4","5.102923050522804"
"Eric Junior Dina Ebimbe","Brest","D F M S","1161","27","5","0","27","8","4.377322880551219","1.1943688429892063","5","4.377322880551219"
"Sepe Elye Wahi","Nice","F S","937","14","5","1","23","8","4.234686259180307","0.7982091940939426","4","3.4745911099016666"
"Kamory Doumbia","Brest","F M S","1805","24","5","4","43","27","4.997975110076368","4.44614515081048","5","4.997975110076368"
"Frank Magri","Toulouse","F M S","1297","17","5","1","33","14","4.1963038221001625","0.8383028265088797","5","3.436208687722683"
"Remy Labeau Lascary","Brest","F M S","1177","27","5","1","34","13","5.339445449411869","2.657169260084629","5","5.339445449411869"
"Aiyegun Tosin","Lorient","F M S","1068","27","5","0","30","11","6.6367923226207495","1.0361506454646587","5","5.876697203144431"
"João Neves","Paris Saint Germain","M S","1280","21","5","1","27","14","3.1606192514300346","2.4752913154661655","5","3.1606192514300346"
"Endrick","Lyon","F M S","1248","16","5","7","49","30","6.475340409204364","4.547948397696018","4","5.7152452897280455"
"Rayan Fofana","Lens","F M S","759","25","5","0","36","5","6.3153184382244945","0.33658943697810173","5","6.3153184382244945"
"Prosper Peter","Angers","F S","1257","29","5","0","23","11","6.074337815865874","0.8983762171119452","5","6.074337815865874"
"Alimami Gory","Paris FC","D F M S","959","24","5","1","19","5","3.891201537102461","0.6714342199265957","5","3.891201537102461"
"Hamza Igamane","Lille","F S","406","13","5","1","24","4","3.7606138456612825","0.6632731482386589","5","3.7606138456612825"
"Pierre-Emile Højbjerg","Marseille","M S","2716","32","4","5","46","40","3.9165602140128613","4.429353263229132","4","3.9165602140128613"
"Jean-Victor Makengo","Lorient","F M S","1842","31","4","2","39","26","3.3909959215670824","1.9122456898912787","4","3.3909959215670824"
"Habib Diallo","Metz","F S","1908","25","4","1","38","12","5.928135938942432","0.7432543095201254","4","5.168040789663792"
"Marshall Munetsi","Paris FC","F M S","985","15","4","1","19","7","4.142309173941612","0.841992974281311","4","4.142309173941612"
"Mohamed Ali-Cho","Nice","F M S","1717","24","4","3","32","23","4.278947148472071","3.5190721238031983","4","4.278947148472071"
"Felix Correia","Lille","M S","2124","34","4","5","37","39","5.806952535174787","5.867727227509022","4","5.806952535174787"
"Nuno Mendes","Paris Saint Germain","D F S","1251","20","4","5","30","29","3.810142569243908","5.055273981764913","3","3.0500474497675896"
"Sambou Soumano","Lorient","F S","891","31","4","2","28","10","6.807313602417707","1.8067509941756725","4","6.047218482941389"
"Mostafa Mohamed","Nantes","F S","1152","24","4","0","34","9","3.018826650455594","1.1388814579695463","4","3.018826650455594"
"Rassoul Ndiaye","Le Havre","F M S","2600","33","4","4","34","29","3.080671327188611","2.7814114429056644","4","3.080671327188611"
"Emanuel Emegha","Strasbourg","F S","427","10","4","2","17","3","4.252192250452936","1.2648815028369427","4","4.252192250452936"
"Diego Moreira","Strasbourg","D M S","2063","27","4","7","29","37","2.222741227596998","6.940216278657317","4","2.222741227596998"
"Roman Yaremchuk","Lyon","F S","566","11","4","1","16","6","3.279270388185978","0.6049698125571012","4","3.279270388185978"
"Aron Dønnum","Toulouse","D F M","2438","28","4","4","40","63","4.60387984290719","6.289067713543773","1","2.323594458401203"
"Senny Mayulu","Paris Saint Germain","D F M S","1704","26","4","4","35","39","4.818055000156164","4.020334480330348","4","4.818055000156164"
"Sidiki Chérif","Angers","F M S","1187","19","4","0","28","5","2.8283863738179207","0.6020375601947308","4","2.8283863738179207"
"Robinio Vaz","Marseille","F S","346","14","4","2","8","6","2.7465014457702637","0.9652759805321693","4","2.7465014457702637"
"Afonso Moreira","Lyon","D F M S","1695","27","4","7","40","32","3.1612205244600773","5.9273083889856935","4","3.1612205244600773"
"Santiago Hidalgo","Toulouse","F M S","1297","28","4","6","33","13","3.9984716661274433","2.7228170400485396","4","3.9984716661274433"
"Allan Saint-Maximin","Lens","M S","380","10","3","3","21","19","1.4870970454066992","2.0143274627625942","3","1.4870970454066992"
"Youssef El-Arabi","Nantes","F S","943","25","3","0","15","9","4.204976715147495","0.5688040424138308","3","3.444881595671177"
"Djibril Sidibe","Toulouse","D S","2169","32","3","4","8","15","3.01466503739357","1.9726380528882146","2","1.4944747984409332"
"Adrien Thomasson","Lens","M S","2714","32","3","9","43","80","6.460448982194066","8.477983359247446","3","6.460448982194066"
"Angel Gomes","Marseille","M S","919","14","3","0","11","18","2.0597879961133003","1.0676721185445786","3","2.0597879961133003"
"Jonathan Ikone","Paris FC","F M S","1107","23","3","1","25","14","3.6328962482511997","2.535602707415819","3","3.6328962482511997"
"Ignatius Ganago","Nantes","F M S","844","13","3","1","23","6","3.503245037049055","0.7495720982551575","2","2.7431498877704144"
"Mahdi Camara","Rennes","D M S","2670","32","3","1","29","23","2.641194898635149","2.1875408850610256","3","2.641194898635149"
"Romain Perraud","Lille","D S","2262","30","3","4","33","37","1.604667505249381","4.023106466047466","3","1.604667505249381"
"Moses Simon","Paris FC","F M S","2062","29","3","3","34","33","2.882196793332696","4.325151562690735","3","2.882196793332696"
"Lee Kang-In","Paris Saint Germain","F M S","1527","27","3","4","37","58","3.1583685893565416","6.6062276884913445","3","3.1583685893565416"
"Fabien Centonze","Nantes","D M S","738","15","3","0","8","4","0.9628630634397268","0.14629066362977028","3","0.9628630634397268"
"Takumi Minamino","Monaco","F M S","976","15","3","2","21","9","3.3724637255072594","2.100285714492202","3","3.3724637255072594"
"Fodé Doucouré","Le Havre","F M S","1271","26","3","1","20","18","2.5847209552302957","2.5097016375511885","3","2.5847209552302957"
"Sékou Mara","Auxerre","F S","1231","27","3","2","33","9","3.05426874384284","1.0970151722431183","3","3.05426874384284"
"Charlie Cresswell","Toulouse","D S","2537","29","3","2","38","11","4.463126664981246","1.1976852640509605","3","4.463126664981246"
"Luca Koleosho","Paris FC","M S","517","16","3","1","17","8","2.7315033990889788","1.6554799880832434","3","2.7315033990889788"
"Warren Zaïre-Emery","Paris Saint Germain","D M S","2460","32","3","4","19","42","2.0695376126095653","4.2776061883196235","3","2.0695376126095653"
"Kévin Danois","Auxerre","M S","2852","33","3","1","25","52","2.123984556645155","4.617172429338098","3","2.123984556645155"
"Julio Enciso","Strasbourg","F M S","1918","27","3","6","61","26","7.675233259797096","4.41795701906085","2","6.915138140320778"
"Pierre Ganiou","Lens","D S","2018","23","3","0","23","9","2.1561120813712478","0.5016434397548437","3","2.1561120813712478"
"Abner","Lyon","D F M S","2182","26","3","2","17","21","2.2416549902409315","3.11980695836246","3","2.2416549902409315"
"Tom Louchet","Nice","D F M S","1344","27","3","2","21","20","3.120163287036121","3.325116191059351","3","3.120163287036121"
"Simon Adingra","Monaco","D F M S","871","14","3","2","22","14","2.9023742489516735","1.4592509008944035","3","2.9023742489516735"
"Lamine Camara","Monaco","M S","1870","24","3","4","25","35","1.3439804669469595","5.089582786895335","3","1.3439804669469595"
"Ethan Mbappé","Lille","F M S","530","18","3","1","14","15","1.8669115900993347","1.4914258159697056","3","1.8669115900993347"
"Mamadou Coulibaly","Monaco","F M S","1402","25","3","3","13","12","1.987246561795473","1.762764260172844","3","1.987246561795473"
"Ibrahim Mbaye","Paris Saint Germain","F M S","973","24","3","2","24","20","3.4287336245179176","2.3628985602408648","3","3.4287336245179176"
"Ali Abdi","Nice","D M S","1156","22","3","0","16","17","2.4035323709249496","2.0493611991405487","3","2.4035323709249496"
"Mohamed Meïté","Rennes","F S","502","17","3","2","22","5","4.262058779597282","1.3208915255963802","3","4.262058779597282"
"Giorgi Tsitaishvili","Metz","D F M S","2475","33","3","2","31","44","1.5367201650515199","4.272120799869299","3","1.5367201650515199"
"Danny Namaso","Auxerre","F M S","2544","30","3","3","61","32","7.317179087549448","3.9502968033775687","3","7.317179087549448"
"Mamadou Sangaré","Lens","M S","2347","29","3","4","53","37","3.285702032968402","2.838592778891325","3","3.285702032968402"
"Noah Cadiou","Lorient","M S","1851","28","3","1","19","10","2.319805635139346","0.6930346991866827","3","2.319805635139346"
"Amine Sbaï","Angers","F M S","1865","25","3","1","34","27","4.347094478085637","2.760798776522279","3","3.5869993288069963"
"Bryan Okoh","Auxerre","D S","1005","13","3","0","8","3","0.9676289018243551","0.2563950940966606","3","0.9676289018243551"
"Nabil Bentaleb","Lille","M S","1253","26","2","2","18","12","1.2046611299738288","1.771717581897974","1","0.44456598442047834"
"Ciro Immobile","Paris FC","F S","736","12","2","2","15","9","2.3328911624848843","1.9044423550367355","2","2.3328911624848843"
"Benjamin André","Lille","M S","2328","27","2","2","27","23","2.5734788700938225","1.9330890672281384","2","2.5734788700938225"
"Rémy Cabella","Nantes","F M S","561","11","2","0","9","15","2.5323222652077675","1.1330787315964699","1","1.772425815463066"
"Jeremie Boga","Nice","F M S","645","14","2","2","15","13","2.242340716533363","1.6494678808376193","2","2.242340716533363"
"Valentin Rongier","Rennes","M","2750","31","2","5","22","44","0.782729365862906","4.391351553611457","2","0.782729365862906"
"Abdoulaye Touré","Le Havre","M S","740","11","2","0","13","3","1.529643937945366","0.18538137339055538","2","0.769548799842596"
"Achraf Hakimi","Paris Saint Germain","D F S","1382","18","2","2","27","21","2.8018143735826015","1.457746408879757","2","2.8018143735826015"
"Thomas Meunier","Lille","D S","1911","25","2","2","19","18","1.4096983447670937","2.757778810337186","2","1.4096983447670937"
"Vincent Marchetti","Paris FC","M S","798","23","2","1","24","4","2.1302939681336284","0.5922490283846855","2","2.1302939681336284"
"Ruben Aguilar","Lens","D S","1751","26","2","2","13","26","1.0442059729248285","3.235480770468712","2","1.0442059729248285"
"Denis Zakaria","Monaco","D M S","2039","24","2","1","18","6","2.5516049545258284","1.4270154759287834","2","2.5516049545258284"
"Jessy Deminguet","Metz","M S","2059","31","2","0","17","4","1.1191442692652345","0.6021527666598558","2","1.1191442692652345"
"Timothy Weah","Marseille","D M S","2286","29","2","2","29","30","2.7870269222185016","3.784172408282757","2","2.7870269222185016"
"Naif Aguerd","Marseille","D","1407","16","2","0","10","3","0.8858112841844559","0.2695878790691495","2","0.8858112841844559"
"Hamed Junior Traore","Marseille","D M S","612","13","2","1","13","10","2.745228759944439","0.8870153054594994","2","2.745228759944439"
"Joris Chotard","Brest","M S","2790","33","2","1","25","11","1.2767780357971787","0.5311056403443217","2","1.2767780357971787"
"Mama Baldé","Brest","F M S","712","18","2","2","31","7","2.966491736471653","0.4717954136431217","2","2.966491736471653"
"Melvin Bard","Nice","D M S","2393","29","2","1","15","15","0.796496226452291","1.8040241403505206","2","0.796496226452291"
"Mbwana Samatta","Le Havre","F S","1550","27","2","1","42","18","5.862232429906726","1.9108041394501925","2","5.862232429906726"
"Jean-Phillipe Krasso","Paris FC","F S","1082","25","2","2","27","23","4.3040565541014075","3.1578205032274127","1","3.5439614383503795"
"Sinaly Diomande","Auxerre","D","2138","24","2","2","9","5","2.9510611221194267","0.5142716225236654","2","2.9510611221194267"
"Terem Igobor Moffi","Nice","F S","484","10","2","0","16","5","2.451147548854351","0.6640479266643524","2","2.451147548854351"
"Martín Satriano","Lyon","F S","696","11","2","1","16","10","2.151202028617263","1.252128679305315","2","2.151202028617263"
"Théo Le Bris","Lorient","D S","1915","28","2","2","17","13","1.935364414472133","1.3978275619447231","2","1.935364414472133"
"Tyler Morton","Lyon","M","2549","29","2","2","28","28","2.0557506382465363","2.42852935846895","2","2.0557506382465363"
"Louis Mouton","Angers","M S","1947","32","2","1","36","22","3.078808242455125","2.3375241328030825","2","3.078808242455125"
"Mika Biereth","Monaco","F M S","1051","32","2","2","19","18","3.207695998251438","2.307873759418726","2","3.207695998251438"
"Guemissongui Ouattara","Strasbourg","D M S","1763","28","2","0","27","6","2.8173498455435038","1.7850391454994678","2","2.8173498455435038"
"Yassin Belkhdim","Angers","M S","2175","27","2","2","33","15","2.30356415361166","1.5286035342141986","2","2.30356415361166"
"Guela Doué","Strasbourg","D M S","2065","24","2","6","12","19","1.8365227379836142","2.7406088560819626","2","1.8365227379836142"
"Himad Abdelli","Angers,Marseille","M S","1075","21","2","0","15","9","1.9301752112805843","0.554893160238862","0","0.40998492017388344"
"Abdallah Sima","Lens","D F M S","693","21","2","2","30","10","3.332493230700493","0.7596801817417145","2","3.332493230700493"
"Ethan Nwaneri","Marseille","M S","334","9","2","1","9","5","0.8861830700188875","0.979939728975296","2","0.8861830700188875"
"Lilian Raolisoa","Angers","D F M S","1975","32","2","4","16","22","1.03963359631598","3.5283372923731804","2","1.03963359631598"
"Samuel Amo-Ameyaw","Strasbourg","D M S","1010","25","2","2","17","13","1.184529721736908","1.2297662692144513","2","1.184529721736908"
"Cristian Cásseres Jr.","Toulouse","M S","2506","30","2","3","26","37","1.70372299477458","3.142685988917947","2","0.9436278305947781"
"Yassine Kechta","Le Havre","F M S","1343","30","2","1","21","15","1.540558686479926","1.839314803481102","2","1.540558686479926"
"Koffi Kouao","Metz","D","2296","27","2","1","23","11","1.6477266969159245","1.2461658138781786","2","1.6477266969159245"
"Sadibou Sané","Metz","D S","1940","23","2","1","6","3","0.2977111414074898","0.27273041382431984","2","0.2977111414074898"
"Amir Murillo","Marseille","D M S","978","16","2","1","9","11","1.0468609929084778","1.9396317675709724","2","1.0468609929084778"
"Arthur Avom","Lorient","M S","2095","31","2","1","21","31","1.0540359923616052","3.175200704485178","2","1.0540359923616052"
"Malick Fofana","Lyon","M S","766","12","2","1","19","10","2.7092563677579165","2.255652729421854","2","2.7092563677579165"
"Beraldo","Paris Saint Germain","D M S","1579","20","2","1","14","14","1.3617767803370953","1.5083925519138575","2","1.3617767803370953"
"Valentín Barco","Strasbourg","M S","2187","27","2","4","27","38","3.289822520688176","5.2952551282942295","2","3.289822520688176"
"George Ilenikhena","Monaco","F S","343","15","2","0","15","3","1.2629067562520504","0.2268627993762493","2","1.2629067562520504"
"Dayann Methalie","Toulouse","D S","1906","27","2","1","15","10","1.47647943533957","2.021740846335888","2","1.47647943533957"
"Bahereba Guirassy","Nantes","F M S","799","20","2","1","15","7","1.9868665523827076","1.0273366682231426","2","1.9868665523827076"
"Saud Abdulhamid","Lens","D S","1335","25","2","4","8","23","1.1027701515704393","2.749265618622303","2","1.1027701515704393"
"Abdelhamid Aït Boudlal","Rennes","D S","1396","20","2","1","13","1","1.8210137831047177","0.531465470790863","2","1.8210137831047177"
"Goduine Koyalipou","Angers","F S","669","13","2","1","22","5","3.3784401938319206","0.304029518738389","1","2.6183450743556023"
"Rudy Matondo","Auxerre,Paris FC","D M S","1333","27","2","0","13","5","1.8190970439463854","0.2419236395508051","2","1.8190970439463854"
"Samson Baidoo","Lens","D S","1823","23","2","1","16","3","2.39372334536165","0.4557065162807703","2","2.39372334536165"
"Arsène Kouassi","Lorient","D S","2642","31","2","6","9","32","0.644349536858499","4.931435273960233","2","0.644349536858499"
"Giorgi Abuashvili","Metz","D F M S","655","23","2","0","23","7","1.1833200315013528","0.5751661360263824","2","1.1833200315013528"
"Julián Vignolo","Toulouse","M S","154","13","2","0","8","7","1.6874926052987576","0.330946609377861","2","1.6874926052987576"
"Djibirin Harouna","Angers","M S","286","15","2","1","7","4","1.2620018012821674","0.6283082962036133","2","1.2620018012821674"
"Noah Nartey","Lyon","M S","536","11","2","0","5","3","1.0777640342712402","0.08317125402390957","2","1.0777640342712402"
"Nathan Mbala","Metz","F M S","426","13","2","2","15","13","0.6993163898587227","1.0733802691102028","2","0.6993163898587227"
"Giorgi Kvilitaia","Metz","F S","503","10","2","0","12","9","1.3176763448864222","1.193804420530796","2","1.3176763448864222"
"Eric Dier","Monaco","D S","693","9","1","0","3","1","0.5377254784107208","0.028601836413145065","1","0.5377254784107208"
"Seko Fofana","Rennes","M S","659","12","1","0","9","11","0.7612503450363874","0.6452769339084625","1","0.7612503450363874"
"Sofiane Boufal","Le Havre","F M S","1050","17","1","4","19","27","1.5026695374399424","3.6345375943928957","1","0.7425743956118822"
"Ainsley Maitland-Niles","Lyon","D M S","2496","30","1","4","14","21","2.5538895074278116","3.50098211504519","1","1.7937943432480097"
"Fabián","Paris Saint Germain","M S","1138","20","1","4","19","19","1.869937714189291","2.1869753282517195","1","1.869937714189291"
"Aissa Mandi","Lille","D S","2432","29","1","0","14","10","0.8599839098751545","1.0037057306617498","1","0.8599839098751545"
"Gaetan Perrin","Lille","F M S","314","12","1","0","7","10","0.6199672203511","1.1194870546460152","1","0.6199672203511"
"Florian Sotoca","Lens","F M S","458","26","1","0","13","7","0.7197620361112058","0.9359718095511198","1","0.7197620361112058"
"Benjamin Pavard","Marseille","D S","1932","27","1","2","11","12","1.0296637825667858","2.1012834049761295","1","1.0296637825667858"
"Gautier Lloris","Le Havre","D S","2397","29","1","1","12","4","1.2026095436885953","1.0743397623300552","1","1.2026095436885953"
"Lucas Tousart","Brest","D M S","820","24","1","0","8","4","0.6973812971264124","0.4796754773706198","1","0.6973812971264124"
"Jean-Philippe Gbamin","Metz","D M S","2487","31","1","1","14","15","1.9497385416179895","1.4501640880480409","1","1.9497385416179895"
"Laurent Abergel","Lorient","M S","2347","28","1","0","22","15","0.7855375036597252","0.8618717035278678","1","0.7855375036597252"
"Pierre Lees-Melou","Brest,Paris FC","M S","1971","24","1","3","31","19","1.580171943642199","2.8613359704613686","1","1.580171943642199"
"Arnaud Nordin","Rennes","D F M S","586","10","1","3","20","6","1.3559088744223118","1.4128927364945412","1","1.3559088744223118"
"Hugo Magnetti","Brest","M S","2721","33","1","1","22","17","0.59883688762784","1.2192494422197342","1","0.59883688762784"
"Matthieu Udol","Lens","D S","3000","34","1","7","47","55","4.393044971395284","11.901465432718396","1","4.393044971395284"
"Chidozie Awaziem","Nantes","D S","2239","26","1","2","11","10","0.5838352423161268","1.5799404215067625","1","0.5838352423161268"
"Mohammed Salisu","Monaco","D","1080","12","1","0","8","2","0.8756848890334368","0.15080468729138374","1","0.8756848890334368"
"Francisco Sierralta","Auxerre","D S","869","10","1","0","7","1","0.7252583894878626","0.038721200078725815","1","0.7252583894878626"
"Amadou Haidara","Lens","M S","241","7","1","1","2","2","0.35697678197175264","0.16446375846862793","1","0.35697678197175264"
"Sebastian Szymanski","Rennes","M S","796","16","1","3","12","19","0.5328370127826929","2.5659672282636166","1","0.5328370127826929"
"Brendan Chardonnet","Brest","D","2555","29","1","3","12","10","1.0160756586119533","2.5328441374003887","1","1.0160756586119533"
"Hichem Boudaoui","Nice","M S","1697","25","1","2","21","16","2.2907996512949467","1.5970600554719567","1","2.2907996512949467"
"Boubacar Traore","Metz","M S","1414","20","1","0","19","4","0.9408415667712688","0.22199192829430103","1","0.9408415667712688"
"Georges Mikautadze","Lyon","F","180","2","1","0","10","0","1.2365504503250122","0","1","1.2365504503250122"
"Jonathan Clauss","Nice","D M S","2529","30","1","6","23","64","1.4057410368695855","8.050188221037388","1","1.4057410368695855"
"Vitinha","Paris Saint Germain","M S","2122","29","1","7","34","34","0.9833967238664627","3.4552896190434694","1","0.9833967238664627"
"Dilane Bakwa","Strasbourg","S","94","3","1","2","2","3","0.0750504583120346","0.6692362725734711","1","0.0750504583120346"
"Marvin Senaya","Auxerre","D S","1796","25","1","0","15","6","1.403174713253975","0.23766765743494034","1","1.403174713253975"
"Quentin Merlin","Rennes","D M S","2534","33","1","5","26","47","1.8468318972736597","4.493204697966576","1","1.8468318972736597"
"Antoine Mendy","Nice","D S","2105","25","1","0","17","1","2.194048591889441","0.03722933307290077","1","2.194048591889441"
"Przemyslaw Frankowski","Rennes","D M S","1230","19","1","2","9","29","0.3376607820391655","2.6184137174859643","1","0.3376607820391655"
"Jim Allevinah","Angers","S","110","6","1","0","5","1","0.7092178463935852","0.02793130837380886","1","0.7092178463935852"
"Igor Silva","Lorient","D S","1208","17","1","0","8","8","0.35449149180203676","0.5010415175929666","1","0.35449149180203676"
"Andrew Omobamidele","Strasbourg","D S","1336","25","1","0","4","0","0.9338973155245185","0","1","0.9338973155245185"
"Tanner Tessmann","Lyon","D M S","1938","29","1","0","26","13","2.568478574976325","1.4022282604128122","1","2.568478574976325"
"Lohann Doucet","Paris FC","M S","114","5","1","0","2","4","0.6114895138889551","0.09275395981967449","1","0.6114895138889551"
"Junior Mwanga","Nantes,Strasbourg","D M","1651","20","1","1","10","18","1.1464128233492374","1.0721323154866695","1","1.1464128233492374"
"Rasmus Nicolaisen","Toulouse","D S","2582","32","1","0","15","2","0.8822177099063993","0.09761351346969604","1","0.8822177099063993"
"Anthony Rouault","Rennes","D S","1723","21","1","0","9","6","2.573473647236824","0.1675164084881544","1","2.573473647236824"
"Ousmane Camara","Angers","D S","2724","32","1","0","13","4","0.6418565474450588","0.25019954331219196","1","0.6418565474450588"
"Julien Le Cardinal","Brest","D S","323","5","1","0","5","1","0.4954712763428688","0.029206275939941406","1","0.4954712763428688"
"Warren Kamanzi","Toulouse","D S","825","24","1","1","12","9","1.5046230126172304","0.5564930234104395","1","1.5046230126172304"
"Illia Zabarnyi","Paris Saint Germain","D S","2387","28","1","0","4","4","0.5713930502533913","0.16471820324659348","1","0.5713930502533913"
"Morgan Guilavogui","Lens","M S","444","16","1","0","10","11","1.7886713072657585","1.1636604741215706","1","1.7886713072657585"
"Arouna Sangante","Le Havre","D","2357","28","1","1","9","10","0.4403181094676256","0.4031094592064619","1","0.4403181094676256"
"Josué Casimir","Auxerre","D F M S","1509","31","1","0","22","10","2.7384571619331837","1.4077786430716515","1","1.9783619977533817"
"Oussama El Azzouzi","Auxerre","D M S","821","11","1","0","5","9","0.6952410852536559","0.5211914069950581","1","0.6952410852536559"
"Ibou Sané","Metz","F M S","520","16","1","1","6","5","0.33163389936089516","0.9435513913631439","1","0.33163389936089516"
"Samir El Mourabet","Strasbourg","M S","2145","33","1","2","12","28","0.3717561801895499","2.710016814060509","1","0.3717561801895499"
"Panos Katseris","Lorient","D S","728","16","1","2","7","10","0.8765109218657017","2.371944934129715","1","0.8765109218657017"
"Mohamed Bamba","Lorient","F S","664","18","1","2","13","6","2.8765433095395565","1.6329459995031357","1","2.116448190063238"
"Dehmaine Assoumani","Nantes","D F M S","1261","27","1","0","29","20","1.7984376410022378","2.0394907854497433","1","1.7984376410022378"
"Stanis Idumbo Muzambo","Monaco","S","129","8","1","1","6","3","1.0647227093577385","0.4020053409039974","1","1.0647227093577385"
"Simon Ebonog","Le Havre","M S","1775","30","1","0","22","7","1.9645931422710419","0.33907923474907875","1","1.9645931422710419"
"Yanis Zouaoui","Le Havre","D M S","2380","30","1","1","16","36","1.2848391653969884","3.175815327093005","0","0.524744008667767"
"Ngal&#039;ayel Mukau","Lille","M S","1548","30","1","0","20","13","2.5761082526296377","0.5113314716145396","1","2.5761082526296377"
"Osame Sahraoui","Lille","M S","471","18","1","2","12","9","1.278020929545164","0.8066076152026653","1","1.278020929545164"
"Louis Leroux","Nantes","D M S","1443","23","1","1","15","16","1.6188924480229616","0.7465226091444492","1","1.6188924480229616"
"Jordan Teze","Monaco","D M S","2515","33","1","2","14","35","0.7771280901506543","4.184554500505328","1","0.7771280901506543"
"Matt O&#039;Riley","Marseille","M S","725","15","1","2","7","12","0.8605696111917496","3.0897295102477074","1","0.8605696111917496"
"Soriba Diaoune","Lille","M S","160","10","1","1","10","5","0.9795868322253227","0.20103463158011436","1","0.9795868322253227"
"Stephan Zagadou","Le Havre","D S","503","8","1","0","1","2","0.100525863468647","0.1055814241990447","1","0.100525863468647"
"Lanroy Machine","Angers","F S","466","22","1","0","15","4","1.794658513739705","0.18798801396042109","1","1.794658513739705"
"Quentin Ndjantou","Paris Saint Germain","M S","344","10","1","1","9","5","1.466904889792204","0.31610369496047497","1","1.466904889792204"
"Adam Karabec","Lyon","M S","922","21","1","0","9","21","1.5626697093248367","2.095198465511203","1","1.5626697093248367"
"Ruben Kluivert","Lyon","D S","767","16","1","2","2","2","0.556617259979248","0.7292618155479431","1","0.556617259979248"
"Godson Kyeremeh","Le Havre","F S","350","13","1","1","6","5","0.9026919268071651","0.4994545765221119","1","0.9026919268071651"
"Felix Mambimbi","Le Havre","F M S","515","17","1","0","5","7","0.5050474088639021","0.6854475047439337","1","0.5050474088639021"
"Dro Fernández","Paris Saint Germain","M S","680","12","1","0","9","7","1.1994387656450272","0.31818495504558086","1","1.1994387656450272"
"Kojo Peprah Oppong","Nice","D S","2440","29","1","0","10","6","1.3100588582456112","0.5910270726308227","1","1.3100588582456112"
"Isak Jansson","Nice","F M S","623","22","1","0","16","8","1.4099341221153736","0.9481424372643232","1","1.4099341221153736"
"Mário Sauer","Toulouse","M S","611","25","1","0","14","3","1.286695908755064","0.12826909497380257","1","1.286695908755064"
"Alexis Vossah","Toulouse","M S","1097","23","1","1","9","7","0.4475819719955325","0.6934271529316902","1","0.4475819719955325"
"Seny Koumbassa","Toulouse","D S","432","9","1","0","3","0","0.4978318251669407","0","1","0.4978318251669407"
"Nathan Ngoy","Lille","D S","2397","29","1","2","22","4","1.562451058998704","1.2294035255908966","1","1.562451058998704"
"Marius Broholm","Lille","M S","269","11","1","1","4","8","0.9693003743886948","0.5659592226147652","0","0.2092052325606346"
"Dermane Karim","Lorient","F M S","1371","30","1","2","16","16","1.3594817034900188","2.476931821554899","1","1.3594817034900188"
"Samir Chergui","Paris FC","D M S","1157","15","1","0","13","2","1.7387075843289495","0.14677738398313522","1","1.7387075843289495"
"Nouha Dicko","Paris FC","S","51","8","1","1","5","1","0.6042886339128017","0.29913920164108276","1","0.6042886339128017"
"Adama Camara","Paris FC","D M S","2198","29","1","0","18","16","1.9149737488478422","1.39525724388659","1","1.9149737488478422"
"Kendry Páez","Strasbourg","F M S","411","15","1","0","10","6","1.0802584141492844","0.4478355869650841","1","1.0802584141492844"
"Maxi Oyedele","Strasbourg","D M S","456","8","1","0","2","1","0.07616052962839603","0.01858379691839218","1","0.07616052962839603"
"Otávio","Paris FC","D S","1907","23","1","0","12","4","0.5789848626591265","0.1723948009312153","1","0.5789848626591265"
"Nordan Mukiele","Rennes","S","69","8","1","0","4","1","0.14031650591641665","0.09168802201747894","1","0.14031650591641665"
"Daouda Guindo","Brest","D S","1689","25","1","1","21","9","1.0396253047510982","0.8110729418694973","1","1.0396253047510982"
"Mayckel Lahdo","Nantes","F M S","434","8","1","1","3","4","0.659747552126646","0.1672076191753149","1","0.659747552126646"
"Pathé Mboup","Brest","M S","1028","28","1","0","23","9","3.5491064712405205","1.455665335059166","1","3.5491064712405205"
"Noam Obougou","Le Havre","S","84","5","1","0","4","0","0.16073566116392612","0","1","0.16073566116392612"
"Kenny Quetant","Le Havre","F S","378","9","1","0","8","1","0.9725517965853214","0.023090220987796783","1","0.9725517965853214"
"Pape Diop","Toulouse","M S","1187","15","1","2","29","19","1.532203583046794","1.4103867206722498","1","1.532203583046794"
"Rémi Himbert","Lyon","F S","114","6","1","0","10","0","1.1806120872497559","0","1","1.1806120872497559"
"Kail Boudache","Nice","M S","507","13","1","0","13","4","2.8606096152216196","0.19929515663534403","1","2.8606096152216196"
"Jacen Russell-Rowe","Toulouse","F S","461","13","1","0","11","6","1.5652745682746172","0.20251605473458767","1","1.5652745682746172"
"Jahyann Pandore","Metz","S","71","4","1","0","2","1","0.7361021339893341","0.029850361868739128","1","0.7361021339893341"
"Mezian Soares","Lens","S","10","1","1","0","1","1","0.10697121173143387","0.07811740785837173","1","0.10697121173143387"
"Dante","Nice","D S","861","12","0","1","7","2","0.21755574736744165","0.07551953569054604","0","0.21755574736744165"
"Lukas Hradecky","Monaco","GK","1445","17","0","0","0","0","0","0","0","0"
"Ulisses García","Marseille","D S","203","4","0","0","2","1","0.04293993301689625","0.030822915956377983","0","0.04293993301689625"
"Francis Coquelin","Nantes","M S","669","16","0","1","6","4","0.14584361668676138","0.24690203741192818","0","0.14584361668676138"
"Ben Chilwell","Strasbourg","D M S","1613","20","0","2","5","7","0.29087650403380394","1.4190899282693863","0","0.29087650403380394"
"Chancel Mbemba","Lille","D S","949","13","0","0","7","4","0.33667536824941635","0.5853789737448096","0","0.33667536824941635"
"Emerson","Marseille","D S","2110","28","0","3","15","46","0.5063266586512327","5.679353667423129","0","0.5063266586512327"
"Assane Diousse","Auxerre","M S","187","15","0","0","4","3","0.15603983029723167","0.1471826359629631","0","0.15603983029723167"
"Pol Lirola","Marseille","S","19","3","0","0","0","1","0","0.07960734516382217","0","0"
"Geoffrey Kondogbia","Marseille","D M S","635","10","0","0","4","2","0.2751816101372242","0.09442727640271187","0","0.2751816101372242"
"Paul Pogba","Monaco","M S","102","6","0","0","2","0","0.09498397260904312","0","0","0.09498397260904312"
"Joel Asoro","Metz","F S","220","8","0","0","4","1","0.7841950580477715","0.09516875445842743","0","0.7841950580477715"
"Arthur Masuaku","Lens","D S","235","4","0","0","1","2","0.011290036141872406","0.05155311897397041","0","0.011290036141872406"
"Timothée Kolodziejczak","Paris FC","D S","660","11","0","0","1","2","0.04284840077161789","0.03673993609845638","0","0.04284840077161789"
"Gerónimo Rulli","Marseille","GK","2610","29","0","0","1","1","0.07281425595283508","0.05217278376221657","0","0.07281425595283508"
"Lucas Hernández","Paris Saint Germain","D S","1749","25","0","3","11","15","0.641115945763886","1.280301958322525","0","0.641115945763886"
"André Gomes","Lille","S","4","2","0","0","0","0","0","0","0","0"
"Thilo Kehrer","Monaco","D","2368","28","0","0","16","5","1.5215591192245483","0.3930577524006367","0","1.5215591192245483"
"Hamari Traore","Paris FC","D S","1169","18","0","1","4","9","0.36396299861371517","0.8060098411515355","0","0.36396299861371517"
"Frederic Guilbert","Nantes","D M S","614","8","0","0","7","7","0.34089660085737705","1.5390042420476675","0","0.34089660085737705"
"Anthony Lopes","Nantes","GK","2789","31","0","0","3","0","0.1900636162608862","0","0","0.1900636162608862"
"Rachid Ghezzal","Lyon","F M S","211","10","0","0","4","1","0.23862712271511555","0.021294433623552322","0","0.23862712271511555"
"Mathieu Gorgelin","Lens","GK","90","1","0","0","0","0","0","0","0","0"
"Kevin Trapp","Paris FC","GK","1980","22","0","0","0","0","0","0","0","0"
"Benjamin Stambouli","Metz","M S","948","19","0","0","6","8","0.3095360938459635","0.9149716086685658","0","0.3095360938459635"
"Adrien Rabiot","Marseille","M","90","1","0","0","1","4","0.02854899689555168","0.19872036576271057","0","0.02854899689555168"
"Marquinhos","Paris Saint Germain","D S","1040","14","0","0","3","2","0.05685161426663399","0.03297148831188679","0","0.05685161426663399"
"Bouna Sarr","Metz","D M S","898","12","0","0","15","8","1.810309385880828","0.7083156369626522","0","1.810309385880828"
"Maxime Dupé","Nice","GK","720","8","0","0","0","1","0","0.028739430010318756","0","0"
"Pierrick Capelle","Angers","M S","643","16","0","1","10","6","0.7181477919220924","0.6064471378922462","0","0.7181477919220924"
"Neal Maupay","Marseille","S","1","1","0","0","0","0","0","0","0","0"
"Morgan Sanson","Nice","M S","1759","31","0","2","19","12","2.0870378920808434","1.4652982922270894","0","2.0870378920808434"
"Maxime Lopez","Paris FC","M S","1972","26","0","3","13","44","1.19584228284657","5.305629551410675","0","1.19584228284657"
"Kelvin Adou","Nantes","D S","1964","23","0","1","10","8","0.340591112151742","1.3137031211517751","0","0.340591112151742"
"Mathieu Cafaro","Paris FC","F S","133","10","0","0","7","3","0.3560937438160181","0.2414950653910637","0","0.3560937438160181"
"Brice Samba","Rennes","GK","2880","32","0","0","0","2","0","0.05737973563373089","0","0"
"Hans Hateboer","Lyon,Rennes","D S","744","16","0","0","7","1","0.32864430733025074","0.03406402841210365","0","0.32864430733025074"
"Caio Henrique","Monaco","D M S","1527","22","0","2","2","21","0.19101067632436752","3.198100356385112","0","0.19101067632436752"
"Matvey Safonov","Paris Saint Germain","GK","1350","15","0","0","0","2","0","0.09814166277647018","0","0"
"Malang Sarr","Lens","D","2933","33","0","1","23","6","1.7760464074090123","0.47077248990535736","0","1.7760464074090123"
"Karl-Johan Johnsson","Strasbourg","GK","90","1","0","0","0","0","0","0","0","0"
"Abdoulaye Bamba","Angers","D S","255","6","0","0","1","0","0.014829288236796856","0","0","0.014829288236796856"
"Carlens Arcus","Angers","D S","2053","26","0","3","9","16","0.2048528864979744","2.0858899280428886","0","0.2048528864979744"
"Pierre-Yves Hamel","Paris FC","F S","78","2","0","0","0","0","0","0","0","0"
"Remy Descamps","Lyon","GK","450","5","0","0","0","0","0","0","0","0"
"Fode Toure","Metz","D S","866","13","0","0","5","4","0.2401369120925665","0.9939170219004154","0","0.2401369120925665"
"Tanguy NDombele Alvaro","Nice","M S","273","8","0","1","5","5","0.27313201129436493","0.4950277805328369","0","0.27313201129436493"
"Bingourou Kamara","Lorient","GK","270","3","0","0","0","0","0","0","0","0"
"Kenny Lala","Brest","D S","2793","32","0","3","8","26","0.23680028319358826","3.7020830307155848","0","0.23680028319358826"
"Moussa Niakhate","Lyon","D S","2750","32","0","2","4","14","0.17097577545791864","0.8175685852766037","0","0.17097577545791864"
"Nicolas Cozza","Nantes","D S","2297","29","0","1","11","10","1.9409650396555662","0.44394320249557495","0","1.9409650396555662"
"Kouakou Herve Koffi","Angers","GK","2661","30","0","0","0","0","0","0","0","0"
"Orel Mangala","Lyon","M S","414","9","0","0","4","5","0.18205954506993294","0.16463481821119785","0","0.18205954506993294"
"Yvon Mvogo","Lorient","GK","2790","31","0","0","0","1","0","0.0835237056016922","0","0"
"Elisha Owusu","Auxerre","M S","2366","29","0","0","7","12","0.1431004349142313","1.0085062738507986","0","0.1431004349142313"
"Romain Faivre","Auxerre","F M S","592","10","0","2","11","10","0.42545729875564575","1.0503338649868965","0","0.42545729875564575"
"Yehvann Diouf","Nice","GK","2340","26","0","0","0","0","0","0","0","0"
"Jordan Lefort","Angers","D","3060","34","0","2","11","8","0.6379672419279814","0.8968721181154251","0","0.6379672419279814"
"Ibrahima Sissoko","Nantes","D M S","811","13","0","0","6","4","0.1656182212755084","0.8984191156923771","0","0.1656182212755084"
"Jonathan Gradit","Lens","D","810","9","0","0","2","2","0.10594142973423004","0.08853856474161148","0","0.10594142973423004"
"Leonardo Balerdi","Marseille","D S","1996","26","0","1","20","5","2.5971892066299915","0.2388758808374405","0","2.5971892066299915"
"Younes Namli","Le Havre","F M S","300","12","0","1","4","2","0.13972900342196226","0.44261645898222923","0","0.13972900342196226"
"Haris Belkebla","Angers","M","2894","33","0","0","5","16","0.1648719646036625","0.588433382101357","0","0.1648719646036625"
"Donovan Léon","Auxerre","GK","2465","29","0","0","0","1","0","0.06488649547100067","0","0"
"Thomas Delaine","Le Havre","D M S","200","5","0","0","3","3","0.0810187254101038","0.23494967073202133","0","0.0810187254101038"
"Uros Radakovic","Nantes","D S","91","6","0","0","0","1","0","0.09089051187038422","0","0"
"Lucas Gourna Douath","Le Havre","M S","1275","15","0","0","9","6","0.20409422740340233","0.18327630870044231","0","0.20409422740340233"
"Lucas Chevalier","Paris Saint Germain","GK","1530","17","0","0","0","0","0","0","0","0"
"Radoslaw Majecki","Brest","GK","868","10","0","0","0","0","0","0","0","0"
"Wout Faes","Monaco","D S","1136","14","0","0","5","1","0.559219591319561","0.04078027233481407","0","0.559219591319561"
"Thibault De Smet","Paris FC","D S","1153","17","0","1","4","4","0.18551267869770527","0.3585076257586479","0","0.18551267869770527"
"Facundo Medina","Marseille","D S","1381","17","0","1","4","7","0.4502068478614092","1.3081317506730556","0","0.4502068478614092"
"Lilian Brassier","Rennes","D S","2253","27","0","1","11","13","0.8947227848693728","0.9079731702804565","0","0.8947227848693728"
"Cheick Tidiane Sabaly","Metz","F M S","972","14","0","2","8","10","1.4295627772808075","1.8838837835937738","0","1.4295627772808075"
"Timothee Pembele","Le Havre","D S","354","14","0","0","4","2","0.22482452914118767","0.04872151277959347","0","0.22482452914118767"
"Kevin Omoruyi","Nice","F S","864","23","0","0","22","3","3.9962533405050635","0.4324168488383293","0","3.9962533405050635"
"Reda Khadra","Le Havre","F S","208","8","0","0","6","6","0.255093090236187","0.3646051771938801","0","0.255093090236187"
"Naouirou Ahamada","Auxerre","M S","676","15","0","1","6","6","0.42560575902462006","0.43686695769429207","0","0.42560575902462006"
"Krépin Diatta","Monaco","D M S","997","18","0","1","7","12","0.9261248912662268","1.7593798488378525","0","0.9261248912662268"
"Andy Diouf","Lens","M","90","1","0","0","3","0","0.1755841225385666","0","0","0.1755841225385666"
"Mamadou Mbow","Paris FC","D S","2711","31","0","1","10","4","0.5624838881194592","0.5212737750262022","0","0.5624838881194592"
"Grégoire Coudert","Brest","GK S","2188","25","0","0","0","0","0","0","0","0"
"Christopher Wooh","Rennes","D S","64","2","0","0","0","0","0","0","0","0"
"Deiver Machado","Lens,Nantes","D M S","1201","19","0","1","13","7","0.9087755605578423","1.3946983963251114","0","0.9087755605578423"
"Salis Abdul Samed","Nice","M S","935","18","0","0","1","1","0.015088816173374653","0.013063370250165462","0","0.015088816173374653"
"Alidu Seidu","Rennes","D S","1194","21","0","1","5","8","0.09862250182777643","1.1613133689388633","0","0.09862250182777643"
"Pablo Rosario","Nice","S","19","1","0","0","2","1","0.08123146742582321","0.10066413134336472","0","0.08123146742582321"
"Billal Brahimi","Nice","S","1","1","0","0","0","1","0","0.09878788143396378","0","0"
"Bradley Locko","Brest","D S","1281","21","0","2","2","8","0.07104385830461979","1.333613121882081","0","0.07104385830461979"
"Bilal Nadir","Marseille","M S","564","20","0","4","7","11","0.3718383200466633","1.9472699239850044","0","0.3718383200466633"
"Bamo Meïté","Lorient","D S","1977","25","0","3","8","7","0.87373461201787","1.2407074691727757","0","0.87373461201787"
"Dominik Greif","Lyon","GK","2610","29","0","1","0","2","0","0.13486583530902863","0","0"
"Gideon Mensah","Auxerre","D S","2353","30","0","2","1","17","0.01311845239251852","1.6474777832627296","0","0.01311845239251852"
"Axel Camblan","Brest","S","6","1","0","0","0","1","0","0.027476085349917412","0","0"
"Montassar Talbi","Lorient","D","2610","29","0","1","14","7","0.8630059463903308","0.8650193754583597","0","0.8630059463903308"
"Felix Lemarechal","Strasbourg","F M S","556","11","0","2","10","7","0.911349218338728","1.2359443046152592","0","0.911349218338728"
"Diego Coppola","Paris FC","D","1170","13","0","2","5","3","0.3868824653327465","0.6742797177284956","0","0.3868824653327465"
"Jonathan Rowe","Marseille","M","69","1","0","0","5","0","0.4206070303916931","0","0","0.4206070303916931"
"CJ Egan-Riley","Marseille","D S","624","11","0","0","0","2","0","0.5053555741906166","0","0"
"Jacques Ekomie","Angers","D S","2242","32","0","0","13","12","1.0237290244549513","1.394510144367814","0","1.0237290244549513"
"Vanderson","Monaco","D M S","609","14","0","2","3","11","0.1478172391653061","1.3581282254308462","0","0.1478172391653061"
"Ismaël Doukouré","Strasbourg","D M","2090","25","0","2","7","6","0.520645690150559","0.7339983405545354","0","0.520645690150559"
"Ugo Raghouber","Lille","S","1","1","0","0","0","0","0","0","0","0"
"Soumaila Coulibaly","Brest","D S","1343","16","0","0","6","1","0.29979792796075344","0.01436653546988964","0","0.29979792796075344"
"Nicolás Tagliafico","Lyon","D S","1292","20","0","3","15","13","1.8607485853135586","2.1748457895591855","0","1.8607485853135586"
"Johann Lepenant","Nantes","F M S","2175","27","0","1","22","33","0.8502923585474491","2.2118827141821384","0","0.8502923585474491"
"Robin Risser","Lens","GK","2970","33","0","1","0","2","0","0.07071572728455067","0","0"
"Ben Seghir","Monaco","S","40","2","0","0","1","0","0.06498191505670547","0","0","0.06498191505670547"
"Mory Diaw","Le Havre","GK","2662","30","0","1","0","3","0","0.2680368945002556","0","0"
"Branco van den Boomen","Angers","M S","1254","15","0","1","13","28","1.0635485812090337","2.3352177385240793","0","0.30345346173271537"
"Kjetil Haug","Toulouse","S","27","1","0","0","0","0","0","0","0","0"
"Alexsandro Ribeiro","Lille","D S","511","9","0","0","7","0","0.2516534775495529","0","0","0.2516534775495529"
"Darline Yongwa","Lorient","D S","1285","23","0","1","10","17","0.7409866116940975","2.4014131873846054","0","0.7409866116940975"
"Souleymane Isaak Touré","Lorient","S","25","1","0","0","0","0","0","0","0","0"
"Michel Diaz","Brest","D S","1555","20","0","0","7","1","0.8775945119559765","0.03030695766210556","0","0.8775945119559765"
"Badredine Bouanani","Nice","M S","88","2","0","0","1","1","0.05969347804784775","0.038077469915151596","0","0.05969347804784775"
"Christian Mawissa Elebi","Monaco","D S","1178","18","0","0","2","5","0.32485610991716385","0.35625962913036346","0","0.32485610991716385"
"Sael Kumbedi","Lyon","D","69","1","0","0","1","0","0.03166545554995537","0","0","0.03166545554995537"
"Théo De Percin","Auxerre","GK S","589","8","0","0","0","0","0","0","0","0"
"Mamadou Sarr","Strasbourg","D","1306","15","0","0","1","1","0.049718208611011505","0.04029260575771332","0","0.049718208611011505"
"David Datro Fofana","Strasbourg","F S","172","5","0","0","3","1","0.9711511135101318","0.027600573375821114","0","0.9711511135101318"
"Youssouf Ndayishimiye","Nice","M S","71","2","0","0","0","0","0","0","0","0"
"Ibrahim Salah","Rennes","S","22","2","0","0","1","0","0.0487111434340477","0","0","0.0487111434340477"
"Justin-Noel Kalumba","Angers","F M S","224","4","0","0","1","4","0.016442036256194115","0.26698354072868824","0","0.016442036256194115"
"Jérémy Jacquet","Rennes","D","1678","19","0","0","11","8","0.7883376181125641","0.5708747990429401","0","0.7883376181125641"
"Tiago Santos","Lille","D S","714","15","0","0","9","6","0.5296922102570534","0.7291203085333109","0","0.5296922102570534"
"Ousmane Touré","Lille","D","57","1","0","0","0","0","0","0","0","0"
"Formose Mendy","Lorient","D","142","2","0","0","0","0","0","0","0","0"
"Guillaume Restes","Toulouse","GK","2943","33","0","0","0","1","0","0.061214763671159744","0","0"
"Philipp Köhn","Monaco","GK S","1615","19","0","0","0","0","0","0","0","0"
"Loïc Négo","Le Havre","D M S","2339","30","0","0","16","15","0.5308519587852061","1.5366831179708242","0","0.5308519587852061"
"Étienne Youté","Le Havre","D M S","415","9","0","0","0","1","0","0.03650601580739021","0","0"
"Maxime Colin","Metz","D S","1697","22","0","0","7","6","0.2320893183350563","0.21647704392671585","0","0.2320893183350563"
"Malick Mbaye","Metz","M S","302","5","0","0","2","2","0.07949594222009182","0.1359674669802189","0","0.07949594222009182"
"Abakar Sylla","Nantes,Strasbourg","D S","68","3","0","0","2","0","0.3827866427600384","0","0","0.3827866427600384"
"Clinton Mata","Lyon","D","2845","32","0","0","5","2","0.17203756608068943","0.0863934475928545","0","0.17203756608068943"
"William Pacho","Paris Saint Germain","D S","1910","23","0","0","8","2","0.4116395451128483","0.08642413467168808","0","0.4116395451128483"
"Mohamed Kaba","Nantes","M S","938","12","0","2","11","12","1.3476893231272697","1.95227812230587","0","1.3476893231272697"
"Fodé Sylla","Lens","M S","94","4","0","0","0","1","0","0.03355540707707405","0","0"
"Joseph N&#039;Duquidi","Metz","S","4","1","0","0","0","0","0","0","0","0"
"Joel Mvuka","Lorient","D S","549","15","0","0","8","4","0.6974976677447557","1.0097364392131567","0","0.6974976677447557"
"Fabian Rieder","Rennes","M S","144","3","0","0","1","2","0.014277187176048756","0.2747606635093689","0","0.014277187176048756"
"Bertug Yildirim","Rennes","S","1","1","0","0","0","1","0","0.12054172158241272","0","0"
"Ernest Nuamah","Lyon","S","16","3","0","0","2","0","0.17113544046878815","0","0","0.17113544046878815"
"Gabriel Osho","Auxerre","D","139","2","0","0","0","0","0","0","0","0"
"Mahamadou Nagida","Rennes","D S","780","19","0","0","13","5","0.5822554156184196","0.14025884959846735","0","0.5822554156184196"
"Ayyoub Bouaddi","Lille","D M S","2354","30","0","1","16","21","1.0655275946483016","2.0039471769705415","0","1.0655275946483016"
"Kassoum Ouattara","Monaco","D M S","992","15","0","3","12","17","1.185075655579567","2.7024725899100304","0","1.185075655579567"
"Paris Brunner","Monaco","F S","113","7","0","0","4","0","0.5115629099309444","0","0","0.5115629099309444"
"Luc Zogbe","Brest","D S","281","9","0","0","3","1","0.04791043512523174","0.08336007595062256","0","0.04791043512523174"
"Renato Marin","Paris Saint Germain","GK","180","2","0","0","0","0","0","0","0","0"
"Nhoa Sangui","Paris FC","D S","1723","26","0","0","4","17","0.5336753763258457","1.2438078951090574","0","0.5336753763258457"
"Noah Edjouma","Lille,Toulouse","F M S","319","15","0","0","10","7","0.6705907993018627","0.4905140548944473","0","0.6705907993018627"
"Anthony Bermont","Lens","S","68","10","0","0","4","0","0.19449497014284134","0","0","0.19449497014284134"
"Lucas Michal","Metz,Monaco","M S","245","11","0","0","8","2","0.8605251368135214","0.09888727590441704","0","0.8605251368135214"
"Nathaniel Adjei","Lorient","D S","830","15","0","0","4","1","0.5435007661581039","0.07118663191795349","0","0.5435007661581039"
"Arthur Vermeeren","Marseille","M S","806","20","0","1","3","11","0.36786860786378384","0.7389395069330931","0","0.36786860786378384"
"Rabby Nzingoula","Strasbourg","S","44","4","0","0","1","1","0.04825032129883766","0.07395993173122406","0","0.04825032129883766"
"Djaoui Cissé","Rennes","M S","965","24","0","0","24","13","0.7663131225854158","0.8388501536101103","0","0.7663131225854158"
"Paul Argney","Le Havre","GK","90","1","0","0","0","0","0","0","0","0"
"Mikayil Faye","Rennes","S","5","1","0","0","0","0","0","0","0","0"
"Vincent Burlet","Lille","S","13","1","0","0","0","1","0","0.3438287079334259","0","0"
"Rafik Messali","Toulouse","D M S","493","12","0","0","0","3","0","0.6397527754306793","0","0"
"Darryl Bakola","Marseille","S","46","8","0","0","2","1","0.04014962911605835","0.025511430576443672","0","0.04014962911605835"
"Daren Mosengo","Le Havre","S","90","7","0","0","0","0","0","0","0","0"
"Derek Cornelius","Marseille","S","58","2","0","0","0","0","0","0","0","0"
"Jeffrey de Lange","Marseille","GK","450","5","0","0","0","1","0","0.10299737751483917","0","0"
"Mathis Amougou","Strasbourg","M S","407","12","0","0","3","5","0.1451113596558571","0.2477673664689064","0","0.1451113596558571"
"Clément Akpa","Auxerre","D S","1940","26","0","0","6","9","0.23579978570342064","0.42328276485204697","0","0.23579978570342064"
"Theo Bair","Auxerre","S","4","2","0","0","0","0","0","0","0","0"
"Lasso Coulibaly","Auxerre","M S","271","17","0","0","3","4","0.2644320409744978","0.2651809938251972","0","0.2644320409744978"
"Mark McKenzie","Toulouse","D S","2407","29","0","2","6","17","0.2593727596104145","2.299533972516656","0","0.2593727596104145"
"Mathieu Acapandié","Nantes","D M S","258","6","0","0","0","4","0","0.28422676026821136","0","0"
"Florent Hanin","Angers","D S","857","25","0","0","3","8","0.07464494742453098","0.7792584672570229","0","0.07464494742453098"
"Melvin Zinga","Angers","GK S","219","3","0","0","0","0","0","0","0","0"
"Emmanuel Biumla","Angers","D S","378","9","0","0","2","0","0.04909379407763481","0","0","0.04909379407763481"
"Glen Kamara","Rennes","S","47","4","0","0","0","0","0","0","0","0"
"Ibrahim Kanté","Brest","S","6","1","0","0","0","0","0","0","0","0"
"Moïse Bombito","Nice","D","154","2","0","0","0","0","0","0","0","0"
"Enzo Molébé","Lyon","S","7","1","0","0","0","0","0","0","0","0"
"Hong Hyun-Seok","Nantes","M S","281","6","0","0","4","1","0.5409451853483915","0.03777095302939415","0","0.5409451853483915"
"Serigne Diop","Brest","S","2","2","0","0","1","0","0.09503921121358871","0","0","0.09503921121358871"
"Damián Pizarro","Le Havre","S","15","2","0","0","0","0","0","0","0","0"
"Patrik Carlgren","Nantes","GK S","181","3","0","0","0","0","0","0","0","0"
"Jaydee Canvot","Toulouse","D M","180","2","0","0","2","0","0.10035194456577301","0","0","0.10035194456577301"
"Juma Bah","Nice","D S","1947","26","0","0","7","6","1.1328875198960304","1.5613946039229631","0","1.1328875198960304"
"Sékou Doucouré","Nantes","S","37","1","0","0","0","0","0","0","0","0"
"Kyllian Antonio","Lens","D S","183","4","0","1","1","1","0.0487033985555172","0.22536879777908325","0","0.0487033985555172"
"Marius Courcoul","Angers","M S","336","18","0","0","2","3","0.05313415080308914","0.13149469066411257","0","0.05313415080308914"
"Marius Louãr","Angers","D S","535","9","0","0","0","4","0","0.22550999373197556","0","0"
"Samuel Nibombé","Monaco","S","1","1","0","0","0","0","0","0","0","0"
"Mathis Saka","Toulouse","S","2","1","0","0","0","0","0","0","0","0"
"Aladji Bamba","Monaco","M S","830","18","0","2","2","13","0.110935527831316","1.7227396704256535","0","0.110935527831316"
"Amadou Cissé","Strasbourg","D","90","1","0","0","0","1","0","0.07091031968593597","0","0"
"Everton Pereira","Nice","M S","71","2","0","0","1","0","0.026556679978966713","0","0","0.026556679978966713"
"Bernard Nguene","Nice","S","111","6","0","0","3","0","0.17829130589962006","0","0","0.17829130589962006"
"Raphaël Le Guen","Brest","D S","365","6","0","0","4","0","0.2512061223387718","0","0","0.2512061223387718"
"Henrick Do Marcolino","Rennes","S","1","1","0","0","0","0","0","0","0","0"
"Justin Bourgault","Brest","S","12","1","0","0","1","0","0.033752381801605225","0","0","0.033752381801605225"
"Fredrik Oppegård","Auxerre","D M S","1238","23","0","0","10","11","0.5601710639894009","0.6256506145000458","0","0.5601710639894009"
"Nidal Celik","Lens","D","637","8","0","0","1","0","0.11843641102313995","0","0","0.11843641102313995"
"Aaron Anselmino","Strasbourg","S","12","3","0","0","0","0","0","0","0","0"
"Hamidou Makalou","Brest","M S","292","17","0","0","4","7","0.13263639900833368","1.1064399033784866","0","0.13263639900833368"
"Noham Kamara","Lyon","S","2","2","0","0","0","0","0","0","0","0"
"Telli Siwe","Auxerre","D","320","4","0","0","2","1","0.0661855973303318","0.03867689147591591","0","0.0661855973303318"
"Ilyas Azizi","Toulouse","S","23","3","0","0","1","1","0.05734306946396828","0.028749627992510796","0","0.05734306946396828"
"Andrija Bulatovic","Lens","M S","720","19","0","4","11","16","0.9166814982891083","2.8796335868537426","0","0.9166814982891083"
"Khalis Merah","Lyon","F M S","1187","22","0","1","6","12","1.3525805659592152","1.5075017232447863","0","1.3525805659592152"
"Mathys de Carvalho","Lyon","M S","279","11","0","0","7","1","0.3661429677158594","0.035325370728969574","0","0.3661429677158594"
"Ayumu Seko","Le Havre","D M S","2629","30","0","0","17","10","0.9660781314596534","0.46013323310762644","0","0.9660781314596534"
"Lionel Mpasi","Le Havre","GK S","308","4","0","0","0","0","0","0","0","0"
"Georges Gomis","Le Havre","S","1","1","0","0","0","0","0","0","0","0"
"Gabin Bernardeau","Nice","M S","90","4","0","0","3","2","0.09669283591210842","0.10706892609596252","0","0.09669283591210842"
"Djibril Coulibaly","Nice","S","6","2","0","0","0","0","0","0","0","0"
"Hamza Koutoune","Nice","S","1","1","0","0","0","0","0","0","0","0"
"Berke Özer","Lille","GK","2842","32","0","1","0","3","0","0.08217596262693405","0","0"
"Maxima Goffi","Lille","S","33","1","0","0","0","0","0","0","0","0"
"Arnaud Bodart","Lille","GK S","218","3","0","0","0","0","0","0","0","0"
"Ibrahim Osman","Auxerre","F M S","631","14","0","2","18","7","1.9371187165379524","1.1821768693625927","0","1.9371187165379524"
"Lamine Sy","Auxerre","D S","1519","24","0","0","13","13","1.06524639390409","1.4679450262337923","0","1.06524639390409"
"Oumar Pona","Angers","GK","180","2","0","0","0","0","0","0","0","0"
"Obed Nkambadio","Paris FC","GK","1080","12","0","0","0","1","0","0.0066623808816075325","0","0"
"Julien Lopez","Paris FC","S","31","5","0","0","0","0","0","0","0","0"
"Tuomas Ollila","Paris FC","D S","297","10","0","0","4","1","0.12137625180184841","0.1540660858154297","0","0.12137625180184841"
"Jonathan Fischer","Metz","GK S","2349","27","0","0","0","1","0","0.031860314309597015","0","0"
"Michel Mboula","Metz","D S","756","14","0","0","2","0","0.11002355441451073","0","0","0.11002355441451073"
"Brian Madjo","Metz","F S","157","5","0","0","3","0","0.3160543292760849","0","0","0.3160543292760849"
"Idrissa Gueye","Metz","F S","126","3","0","0","2","0","0.12295445054769516","0","0","0.12295445054769516"
"Alpha Touré","Metz","D M S","1591","30","0","1","17","11","1.0313540250062943","0.4349074102938175","0","1.0313540250062943"
"Pape Sy","Metz","GK","711","8","0","0","0","0","0","0","0","0"
"Morgan Bokele","Metz","D S","208","10","0","0","3","2","0.2119899019598961","0.09047303348779678","0","0.2119899019598961"
"Mike Penders","Strasbourg","GK","2970","33","0","0","0","0","0","0","0","0"
"Lucas Høgsberg","Strasbourg","D S","1805","24","0","0","4","0","0.2162238508462906","0","0","0.2162238508462906"
"Tylel Tati","Nantes","D","1728","20","0","0","3","1","0.49682298488914967","0.015462798997759819","0","0.49682298488914967"
"Kwon Hyeok-Kyu","Nantes","M S","777","12","0","0","3","0","0.10292232595384121","0","0","0.10292232595384121"
"Yassine Benhattab","Nantes","F M S","479","10","0","0","4","6","0.17921201139688492","0.6935239918529987","0","0.17921201139688492"
"Amady Camara","Nantes","F S","131","10","0","0","6","2","0.6945584956556559","0.11803512647747993","0","0.6945584956556559"
"Ismaël Guerti","Metz","S","15","3","0","0","0","0","0","0","0","0"
"Cleo Mélières","Metz","S","26","2","0","0","0","0","0","0","0","0"
"Abdoulaye Faye","Lorient","D S","1444","17","0","0","8","2","0.575211126357317","0.052123913541436195","0","0.575211126357317"
"Mathys Silistre","Rennes","GK","180","2","0","0","0","0","0","0","0","0"
"Rafael Luís","Strasbourg","D M S","573","12","0","1","5","6","0.163346279412508","0.5335858296602964","0","0.163346279412508"
"Terry Yegbe","Metz","D S","1977","24","0","1","6","5","1.2832730244845152","0.4399317279458046","0","1.2832730244845152"
"Martin Bley","Lorient","S","1","1","0","0","0","0","0","0","0","0"
"Charles Vanhoutte","Nice","M S","1801","26","0","2","5","15","0.25214445404708385","1.149057075381279","0","0.25214445404708385"
"Tiago Gouveia","Nice","D M S","507","15","0","0","12","2","0.9029901213943958","0.6395432502031326","0","0.9029901213943958"
"Bahmed Deuff","Nantes","M S","213","11","0","0","7","1","0.24420276191085577","0.1548909842967987","0","0.24420276191085577"
"Calvin Verdonk","Lille","D S","785","18","0","0","3","8","0.04470927733927965","0.6956469472497702","0","0.04470927733927965"
"Abu Francis","Toulouse","M S","546","8","0","0","6","1","0.17653927952051163","0.04437817260622978","0","0.17653927952051163"
"Ryan Rodin","Auxerre","S","16","3","0","0","0","0","0","0","0","0"
"Enzo Koffi","Le Havre","D S","370","14","0","0","4","4","0.3517147842794657","0.24148045480251312","0","0.3517147842794657"
"Pape Cabral","Monaco","S","53","4","0","0","3","0","0.5059756189584732","0","0","0.5059756189584732"
"Mathis Jangeal","Paris Saint Germain","S","6","1","0","0","0","0","0","0","0","0"
"Tidiane Devernois","Auxerre","S","2","2","0","0","0","2","0","0.12407011073082685","0","0"
"Believe Munongo","Metz","M S","426","11","0","0","5","3","0.190040803514421","0.15783487632870674","0","0.190040803514421"
"Tadjidine Mmadi","Marseille","S","34","3","0","0","2","1","0.10899877548217773","0.022981369867920876","0","0.10899877548217773"
"Dan Sinaté","Angers","S","25","3","0","0","1","0","0.059151530265808105","0","0","0.059151530265808105"
"Lucas Rosier","Rennes","S","2","2","0","0","0","0","0","0","0","0"
"Yvan Zaddy","Auxerre","S","1","1","0","0","0","0","0","0","0","0"
"Brad-Hamilton Mantsounga","Nice","D","90","1","0","0","0","0","0","0","0","0"
"Adil Hamdani","Lyon","S","20","4","0","0","2","0","0.09110097214579582","0","0","0.09110097214579582"
"Elias Legendre","Rennes","S","27","6","0","0","1","2","0.4692566990852356","0.1309029906988144","0","0.4692566990852356"
"Mamoudou Cissokho","Auxerre","S","2","2","0","0","0","0","0","0","0","0"
"Zoumana Diallo","Nice","S","7","1","0","0","0","1","0","0.08244559168815613","0","0"
"Ilane Touré","Monaco","S","21","2","0","0","0","1","0","0.0481799952685833","0","0"
"Everton Pereira da Silva","Nice","M","71","1","0","0","1","0","0.07540552318096161","0","0","0.07540552318096161"
"Noah Nsoki","Paris Saint Germain","S","4","1","0","0","0","0","0","0","0","0"
"Mohamed Benoit-Dao","Paris FC","S","1","1","0","0","0","0","0","0","0","0"
"Erawan Garnier","Lens","S","2","1","0","0","0","1","0","0.0981142669916153","0","0"
"Gessime Yassine","Strasbourg","M S","505","12","0","1","8","7","0.5050588417798281","1.593078263103962","0","0.5050588417798281"
"Quinten Timber","Marseille","M S","1135","15","0","0","10","8","1.134893774986267","0.46001389622688293","0","1.134893774986267"
"Ali Youssef","Nantes","D","90","1","0","0","0","0","0","0","0","0"
"Tyrese Noubissie","Strasbourg","S","41","4","0","0","0","1","0","0.012303884141147137","0","0"
"Ali Youssif","Nantes","D S","875","12","0","0","6","3","0.2759618051350117","0.1898415144532919","0","0.2759618051350117"
"Yassir Zabiri","Rennes","S","29","6","0","0","4","0","0.6431567743420601","0","0","0.6431567743420601"
"Jean-Baptiste Bosey","Strasbourg","S","1","1","0","0","0","0","0","0","0","0"
"Tochukwu Nnadi","Marseille","D M S","354","8","0","1","4","2","0.5654442869126797","0.2553234100341797","0","0.5654442869126797"
"Ange Lago","Marseille","S","44","2","0","0","2","1","0.5383378863334656","0.12177601456642151","0","0.5383378863334656"
"Daniel Semedo","Lorient","S","7","1","0","0","0","0","0","0","0","0"
"Steeve Kango","Lyon","D S","76","4","0","0","0","0","0","0","0","0"
"Bané Diatta","Angers","S","1","1","0","0","0","0","0","0","0","0"
"Ugo El Kadmiri","Marseille","S","15","3","0","0","1","0","0.5168357491493225","0","0","0.5168357491493225"
"Nouhoum Kamissoko","Marseille","S","14","3","0","0","1","2","0.06224507465958595","0.5824454575777054","0","0.06224507465958595"
"Hilan Slimani","Marseille","S","1","1","0","0","0","0","0","0","0","0"
"Idrissa Sabaly","Strasbourg","M","58","1","0","0","1","0","0.027227068319916725","0","0","0.027227068319916725"
"Pierre Mounguengue","Paris Saint Germain","S","15","1","0","0","2","0","0.6912807822227478","0","0","0.6912807822227478"
"Yaya Diémé","Strasbourg","F S","159","3","0","0","2","0","0.1817108392715454","0","0","0.1817108392715454"
"Dimitri Lucea","Paris Saint Germain","D S","59","2","0","0","0","0","0","0","0","0"